ACCOUNT NO,LATITUDE,LONGITUDE,DEMAND,START TIME,END TIME,SERVICE DURATION
0,41.019894,28.817892,0,,,
12537183,41.006039,28.849303,51.25,600,1600,15
12588157,40.982036,28.671956,94.54,1100,1300,20
12555143,41.00953,28.659812,10.2,700,1200,5
12510656,40.980838,28.734175,25.75,800,1300,15
12508363,41.061297,28.987258,37.5,700,1300,10
12508058,41.071703,28.980258,5.94,700,1000,15
12564303,41.080705,29.03531,8.4,700,1200,5
12570015,41.069793,28.990435,56.99,1300,1430,15
12563464,41.038346,28.932388,400,900,1000,20
12556508,41.057835,28.729092,78.32,1300,1600,15
12583220,40.988896,28.780682,460,800,1600,20
12554150,41.008085,28.624249,21.95,900,1200,10
12515277,41.07902,28.958945,93.71,600,1600,5
12564203,41.058579,29.030771,101.33,800,1200,20
12541121,41.080742,28.95159,106.5,800,1200,15
12591214,41.113973,28.768181,34.65,600,1400,15
12566424,41.090888,29.005186,54.9,800,1000,10
12578258,41.116219,29.020021,147.48,900,1400,10
12568577,41.039274,29.002669,46.8,800,900,5
12556476,41.181012,28.611746,30.17,800,1200,30
12560243,40.980345,28.731845,46.89,600,1600,15
12539827,41.045297,28.869921,56.16,700,1400,15
12585002,41.077417,28.933728,118.12,900,1400,20
12592376,41.056999,28.803917,246.38,800,1000,20
12504192,41.034787,28.867446,13.75,600,1600,10
12568486,41.049752,29.002085,25,900,1200,20
12554002,40.997672,28.629631,133.2,800,930,10
12568512,41.047469,29.007912,40,800,1200,15
12541081,41.051774,28.929598,120,800,1000,10
12568454,41.049608,29.006473,92.9,1000,1200,20
12504355,41.012788,28.888029,53.71,800,1400,10
12503414,41.078294,29.008115,19.25,1200,1500,15
12568613,41.048348,29.00605,14.4,700,1300,10
12568588,41.055924,29.034597,8,800,1300,10
12568601,41.07606,29.042999,15.3,800,1300,15
12532245,41.035549,28.893891,60.9,600,1600,10
12509434,41.065764,28.838166,59.37,600,1600,10
12556313,41.018575,28.66178,80.23,600,1200,15
12554050,41.025324,28.59004,16.5,800,900,15
12591407,41.102527,28.786695,41.62,600,1600,15
12561547,41.009777,28.528907,191.25,700,1200,5
12568513,41.04377,29.004125,9.36,700,900,10
12560322,40.987456,28.69879,22.28,900,1300,10
12576145,41.056939,28.98095,88.09,900,1200,15
12561509,41.018824,28.596127,12.62,800,1200,10
12569297,41.023682,28.97739,27.77,800,1600,10
12568552,41.060493,29.011352,139.01,800,1000,5
12583446,40.964215,28.799801,49.5,800,1300,15
12584380,41.178542,28.989887,179,600,1600,15
12550166,41.087196,28.206141,100.8,900,1300,10
12537161,41.018133,28.870422,10.8,930,1200,15
12583251,40.981777,28.794029,27.54,800,1600,10
12532571,41.019684,28.859007,49.97,1000,1600,15
12588190,40.996727,28.647838,6.6,1030,1200,10
12503240,41.073403,29.020422,27.23,1000,1500,5
12558130,41.006547,28.931031,101.08,700,1200,15
12576382,41.016901,28.941095,27.72,600,1600,15
12578162,41.083039,28.989572,47.09,800,1300,15
12537152,41.017881,28.842186,65.32,1200,1800,10
12568574,41.054696,29.022622,53.56,600,1600,10
12557558,41.021768,28.687811,23.45,1000,1200,20
12584348,41.128988,29.046668,78.22,600,1600,15
12583187,41.003118,28.838679,33.28,900,1500,40
12583439,40.978424,28.819252,7854.75,800,1000,60
12579286,41.039047,28.985658,10.8,800,1000,5
12576449,41.012228,28.935708,21.04,1000,1300,15
12556641,41.070289,28.640424,23.31,600,1600,15
12531400,40.995843,28.886005,266.65,900,1200,10
12562077,41.010564,28.710832,29.93,700,1300,15
12561503,41.014705,28.530729,492.73,700,1200,15
12509411,41.056717,28.876288,60.05,800,1300,15
12501855,41.044002,28.958294,57.82,700,1200,10
12556511,41.057746,28.715042,186.78,1300,1600,15
12561421,41.05457,28.378419,136.91,800,900,10
12570123,41.067409,28.990994,106.31,900,1200,6
12588291,41.00345,28.644494,38.67,800,1300,10
12584287,41.186001,29.042764,90.89,600,1600,15
12560311,40.979174,28.726094,54.39,1000,1300,10
12532584,41.03021,28.86556,86,600,1600,10
12568614,41.043637,29.003893,5,700,1300,10
12557358,40.975664,28.798281,9.82,800,1600,10
12519222,41.114103,29.021645,29.76,700,1300,10
12562164,41.004245,28.688588,137.5,700,1200,5
12532328,41.04822,28.855421,99.82,700,1600,10
12538123,41.030492,28.828725,84.05,1200,1400,15
12556319,41.047053,28.634119,404.5,700,900,22
12576443,41.017208,28.950837,11.42,900,1300,15
12568546,41.043268,29.004047,40.5,800,1000,5
12563488,41.04866,28.931637,307.8,600,1000,20
12584079,41.042956,28.997692,20.61,800,1500,10
12556656,41.091737,28.644142,138.7,700,1200,5
12504349,41.06061,28.846502,1425,800,1000,30
12585380,41.007591,28.798583,297.62,800,1200,15
12554184,41.015389,28.627002,11.2,700,1200,5
12576442,41.010906,28.943487,51.34,1000,1300,15
12554156,41.017666,28.591465,40.87,900,1600,15
12592323,41.055958,28.777485,59.5,700,900,15
12588040,41.002573,28.653932,18.7,800,900,10
12538300,41.036994,28.823577,26.8,1100,1400,15
12515319,41.092347,28.97518,9.6,800,1300,15
12558211,40.986762,28.904319,38.84,700,1200,15
12576125,41.056733,28.981697,101,900,1100,18
12583423,40.996348,28.79721,77.4,600,1600,15
12539257,41.02248,28.910214,75.75,600,1000,15
12562082,40.998727,28.709154,67.55,600,1600,15
12576447,41.014294,28.935295,21.48,1000,1500,15
12510640,41.078989,28.270162,171.67,700,1200,11
12588193,40.969027,28.674874,349.75,800,900,30
12588164,41.017437,28.626659,35.62,800,930,10
12548112,41.020968,28.67146,10.23,900,1300,15
12585431,41.014817,28.795438,438.2,700,1200,5
12509496,41.060383,28.891176,64.46,600,1600,15
12579138,40.990184,28.900244,29.87,800,1400,15
12579385,41.056097,28.985483,54.2,900,1300,15
12548013,41.012451,28.6709,105.45,830,1200,15
12557695,41.051083,28.631955,2230.38,700,1200,15
12503100,41.070232,28.99953,89.1,900,1100,5
12519209,41.120103,29.00819,52.4,600,1600,10
12566471,41.1141,28.99924,30.98,800,1500,10
12532647,41.037379,28.860695,35.34,600,1600,15
12588293,41.007456,28.657263,14.7,900,1300,10
12567505,41.031755,28.975629,22.77,800,1300,15
12563535,41.027962,28.908827,13.46,700,1500,10
12568535,41.047243,29.00716,14.16,800,1000,10
12560256,40.977206,28.719252,12.87,800,1600,7
12561554,41.013968,28.547072,7.34,900,1300,10
12509465,41.051399,28.883216,31.02,800,1300,15
12534003,41.067991,28.896256,334.47,600,1200,15
12563686,41.029412,28.911326,80,1000,1200,20
12584098,41.185986,29.039826,79.39,800,1130,20
12584349,41.186223,29.042466,270,800,1300,15
12594139,41.260748,28.715894,30.98,700,1200,5
12568007,41.110594,29.025433,245.5,600,1200,30
12539753,41.079784,28.931408,10.62,600,1600,10
12584145,41.112938,29.05504,128.7,600,1500,10
12557631,41.058541,28.625638,295.1,600,1600,15
12556570,41.150495,28.635476,95,600,1200,10
12532482,41.033334,28.863334,240.6,900,1600,15
12535047,41.074168,28.728377,69.9,600,1600,15
12576388,41.017186,28.946368,59.35,1000,1600,15
12564026,41.067826,29.003727,585,900,1200,30
12557538,41.016668,28.646325,192.7,600,1600,20
12508347,41.055939,28.983023,28.57,800,1600,15
12557678,41.057748,28.627601,103.5,900,1300,15
12545655,41.002409,28.818576,130.85,600,1600,10
12536103,41.038516,28.782614,91.63,800,1000,20
12533120,40.995309,28.847621,351.35,600,1600,10
12576296,41.003933,28.928139,72.07,1200,1400,5
12555154,41.019544,28.645982,11.88,800,1300,15
12539831,41.044572,28.867883,136.03,1200,1500,15
12548129,41.028396,28.667048,117.04,800,1300,15
12556621,41.07934,28.671488,34.79,600,1600,15
12532287,41.050813,28.875246,27.5,600,1600,10
12509444,41.047007,28.897341,7.8,600,1600,15
12554090,41.024107,28.624216,27.44,600,1600,10
12570190,41.068265,29.008907,132.7,700,1300,10
12539566,41.07586,28.923008,287.45,600,1600,10
12566516,41.117099,29.003679,14.16,600,1600,15
12583297,40.961384,28.832537,33.57,800,1600,10
12578362,41.077937,28.98998,168.92,800,1600,6
12520705,41.082176,28.99847,39.96,600,1600,10
12556539,41.183833,28.612674,79.46,800,1200,15
12584372,41.129067,29.048157,13.65,700,1300,10
12591309,41.070969,28.809208,4276,600,1600,15
12519170,41.112037,29.019865,17.7,1000,1100,10
12556640,41.055925,28.66788,12.98,700,1200,5
12539543,41.07626,28.901403,31.46,700,1500,10
12567487,41.031989,28.978319,80,700,1000,15
12554164,41.011214,28.625836,50.86,900,1300,10
12558109,41.006397,28.907432,130.91,1200,1600,5
12578324,41.178517,28.891345,21.92,800,1500,15
12560223,40.979369,28.706579,98.34,800,1400,15
12585159,40.989583,28.819364,64.88,800,1200,20
12519204,41.110952,29.036709,198.6,600,1600,15
12569404,41.005781,28.96177,67.17,800,1000,30
12556164,40.968181,28.674514,1088,730,830,35
12556653,41.111361,28.638023,33.7,700,1000,15
12532398,41.036244,28.857986,111.2,700,1600,10
12576331,41.011713,28.931425,248.7,600,1600,10
12519052,41.114032,29.022337,77.22,600,1600,10
12538301,41.043281,28.819727,28.28,800,1300,15
12537109,41.015539,28.824847,79.26,600,1600,10
12594160,41.183296,28.708088,40.5,1100,1400,15
12593188,41.132754,28.834546,229.94,900,1300,15
12568088,41.042886,29.006914,36.3,700,1000,10
12570158,41.068944,28.999936,37.84,800,1300,15
12556629,41.055894,28.666778,10.8,900,1200,15
12536026,41.045965,28.746771,51.95,800,1200,15
12509407,41.055706,28.875019,28.32,800,1600,10
12591269,41.066215,28.782064,102.33,600,1600,15
12538081,41.019987,28.817805,17.57,700,1600,15
12569136,41.01565,28.971969,52.5,850,1000,10
12588307,41.00881,28.657084,67.1,600,1600,5
12554162,41.014362,28.598094,30.54,1000,1500,10
12591175,41.07521,28.799801,72.3,800,1600,15
12588308,41.009722,28.652274,29.19,900,1400,10
12566039,41.177133,28.886693,21.54,600,1600,15
12558258,41.000242,28.910601,204.53,800,1300,15
12538138,41.016078,28.824799,18.62,600,1600,15
12558260,40.992763,28.896634,18.35,600,1600,15
12583467,40.988949,28.791449,25,800,1100,30
12559447,40.978586,28.875246,164.42,800,1500,15
12559238,40.98236,28.8598,27.44,700,1200,15
12535118,41.069847,28.711116,10.5,600,1600,15
12564237,41.085133,29.046756,149.71,800,1400,15
12563679,41.016704,28.903748,176.25,800,1000,15
12532595,41.056142,28.839783,42,600,1600,10
12556647,41.128245,28.626115,168,700,1200,5
12560328,40.979732,28.71229,35.15,800,1500,15
12548140,41.036137,28.656521,4.8,1000,1300,15
12570137,41.069085,28.999266,323.29,800,1300,10
12558253,41.001441,28.919571,216.7,600,1600,10
12535066,41.073887,28.750817,141.3,800,1600,8
12535170,41.060103,28.714473,27.6,900,1400,15
12583339,40.962093,28.825233,51.95,1100,1600,10
12556567,41.07033,28.678244,170.43,800,1400,15
12589071,41.004256,28.693883,64.59,900,1400,15
12561432,41.073817,28.243564,23.73,1130,1230,10
12556587,41.020056,28.636503,31.21,600,1600,15
12520761,41.079906,29.007472,215.07,700,1300,10
12569376,41.012611,28.976889,10,800,1200,15
12569387,41.014274,28.974902,10.8,900,1200,10
12508343,41.069118,28.992115,22.14,700,1300,10
12509261,41.067892,28.896533,279.45,700,1000,15
12556605,41.059821,28.661704,391.8,900,1100,15
12560138,41.002759,28.71397,212.5,700,800,20
12570129,41.07217,29.000287,8.33,800,1000,10
12592320,41.053518,28.774636,90.1,700,900,15
12508166,41.067534,28.992094,113.35,900,1300,10
12568573,41.059965,29.006701,43.76,600,1600,10
12509360,41.071289,28.88984,421.62,600,1600,10
12555132,41.011571,28.656106,21.24,900,1400,10
12538014,41.029417,28.82834,73.75,800,1300,15
12593202,41.086843,28.872162,195.76,900,1100,30
12591102,41.185839,28.740556,42.49,800,1200,25
12583416,40.990624,28.797697,23.38,600,1200,15
12569397,41.005436,28.960161,42.7,900,1300,15
12537167,41.014093,28.81456,186.5,1000,1200,30
12557666,41.076474,28.625944,75.2,800,1600,5
12519124,41.1103,29.017089,11.63,700,1200,5
12594125,41.100862,28.788721,26,900,1200,15
12564068,41.076761,29.027995,118.05,800,1300,5
12576402,41.014709,28.952488,314.55,600,1600,15
12591230,41.074951,28.790657,39.62,800,1600,10
12520704,41.087139,29.024224,76.59,600,1600,10
12559686,40.978644,28.877175,371.7,800,1600,15
12591089,41.050164,28.784436,141.54,900,1600,50
12536085,41.054934,28.767877,652.33,600,900,15
12545584,40.994438,28.845306,45.8,600,1600,10
12537176,41.002703,28.852088,17.64,600,1300,15
12593139,41.087353,28.868065,59.04,600,1600,15
12559702,40.991403,28.83105,7.2,800,1200,10
12538152,41.038727,28.824693,64.51,900,1200,15
12539780,41.071929,28.90127,123.39,800,1600,5
12564506,41.065269,29.02895,50.77,600,1600,10
12566403,41.099486,28.993429,264.88,600,1600,5
12593210,41.102696,28.892753,28.9,700,1000,15
12563703,41.021627,28.907838,13,800,1000,10
12503057,41.05811,28.966397,64,800,1000,10
12532616,41.026232,28.845093,13.88,1200,1600,15
12567516,41.034199,28.97992,9.9,1100,1200,5
12555124,41.024159,28.642331,9.83,900,1400,15
12559651,40.982431,28.860142,24.4,700,1200,15
12591106,41.071538,28.809671,36.76,1000,1600,25
12591148,41.033698,28.768065,370.65,800,1200,20
12579185,41.052647,28.992095,148.31,800,1000,40
12579339,41.044065,28.985748,27.9,800,1000,10
12558271,41.01043,28.945619,173.33,800,1300,15
12503150,41.065987,29.002982,70.25,900,1200,10
12539594,41.080142,28.929051,6.65,830,1400,20
12576435,41.015051,28.933295,2813.9,800,1000,25
12584371,41.167529,29.057497,53.9,700,1300,10
12545752,41.004465,28.816525,58.8,800,1300,15
12569349,41.013871,28.97526,70.74,700,1600,15
12560162,40.98166,28.721,231.56,900,1030,15
12561523,41.023095,28.580757,155.94,600,1600,10
12585373,41.002798,28.797985,110.97,800,1200,15
12504253,41.011419,28.888087,191.33,600,1600,5
12559637,40.989059,28.8473,62.98,600,1600,10
12585437,40.986152,28.785612,49.84,8000,1400,15
12537002,41.006817,28.870533,164.69,1000,1400,30
12563411,41.082459,28.892289,744.78,600,1100,45
12583281,40.96482,28.843938,21.12,900,1600,10
12508271,41.066899,28.996215,300.15,800,1100,10
12559632,40.988719,28.845087,57.53,700,1500,15
12584078,41.03865,28.932075,49.8,900,1200,20
12585436,41.021838,28.797043,67.4,800,1400,15
12569239,41.035938,28.979598,715.34,600,1000,20
12523196,41.076634,28.257823,35,900,1200,14
12557598,41.043581,28.635633,56.1,700,1100,15
12532620,41.040053,28.859337,73.12,600,1600,15
12557645,41.046699,28.65115,150,800,1600,60
12593122,41.097072,28.87553,93.5,600,1200,10
12579238,41.061773,28.973038,477,600,1000,30
12519197,41.092869,29.031494,96.34,900,1300,15
12567486,41.036438,28.985069,167.25,800,1300,15
12556305,41.060199,28.714644,133.47,600,1800,15
12567347,41.030838,28.988621,98.13,1000,1300,20
12576381,41.006913,28.972465,117.91,600,1600,15
12532492,41.036134,28.857694,126.04,1200,1600,15
12568592,41.077294,29.042777,12,800,1300,10
12592195,41.104709,28.86428,96.07,830,1400,35
12545510,41.005595,28.845798,21.1,600,1600,15
12554097,40.983511,28.64363,54.84,600,1600,15
12579328,41.053614,28.994692,53,900,1100,20
12558246,40.995826,28.886005,46.17,1000,1300,20
12564291,41.067844,29.045282,330.62,700,1200,5
12545700,41.003594,28.83083,11.28,600,1600,10
12559529,40.996191,28.874015,50.93,800,1600,20
12534080,41.080858,28.893927,450.38,600,900,10
12566465,41.098233,28.994812,51.39,600,1600,10
12504308,41.028426,28.874386,163.75,600,1600,5
12515266,41.070535,28.973361,39.79,800,1600,10
12508352,41.073092,28.992112,173.33,600,1600,15
12562157,40.980979,28.747211,34,700,1200,10
12579226,41.057043,28.984227,36,800,1200,15
12555131,41.016852,28.649133,23.01,900,1400,10
12576415,41.045592,28.864069,26.1,800,1300,15
12504311,41.03955,28.882131,27.6,600,1600,5
12538242,41.052188,28.810283,182.7,900,1000,15
12508357,41.069058,28.991884,37.85,700,1300,10
12577167,41.081142,28.894274,236.78,600,800,10
12515306,41.086328,28.981993,148,700,1200,5
12585400,40.987766,28.79038,225.5,900,1100,15
12519208,41.113301,29.022527,8.85,700,1300,10
12539766,41.057229,28.913725,327.9,600,1600,15
12509346,41.044833,28.896507,6.5,800,1600,15
12531423,41.006362,28.931487,35.51,1000,1200,5
12591381,41.091881,28.792112,6,700,1200,5
12554105,41.004568,28.625183,9.9,900,1400,10
12558192,40.976005,28.879884,30.4,600,1600,15
12579387,41.051939,28.985925,13.14,900,1200,15
12555145,41.019355,28.653676,19.8,1000,1200,10
12567420,41.066266,29.006442,31.5,800,1100,15
12534061,41.071439,28.908904,20.87,700,1200,5
12515337,41.105796,28.986381,20,700,1300,10
12588271,41.011764,28.64994,19.75,600,1600,15
12564277,41.080717,29.035394,96.57,700,1200,5
12570156,41.064854,29.009802,154.13,800,1300,15
12539526,41.058191,28.924298,32.21,1000,1200,40
12576177,41.011236,28.938482,11.6,700,1500,10
12532356,41.032201,28.818084,480.17,1000,1300,15
12562038,40.991787,28.71544,149.01,830,930,25
12534014,41.084149,28.912093,143.1,800,1200,15
12538018,41.058418,28.842169,777.5,650,1100,5
12509315,41.063163,28.860153,58.8,1100,1600,15
12584232,41.144843,29.033818,15.4,900,1600,15
12578354,41.169367,28.905308,48.33,700,1200,5
12579311,41.052244,28.993033,327.25,600,1600,15
12545720,41.002699,28.81767,55.41,800,1600,10
12557616,41.054785,28.626959,40.5,900,1600,10
12570016,41.068211,29.006106,52.8,800,1100,15
12557690,41.033736,28.686089,40.87,900,1200,10
12508060,41.062525,28.993095,17.1,800,1200,25
12545748,41.008135,28.822315,11.52,900,1200,15
12562171,41.004249,28.681911,3778.13,700,1300,15
12578145,41.12039,28.999915,46.99,900,1500,30
12593110,41.091122,28.870338,13.51,800,1400,10
12589065,41.028057,28.667359,41.97,800,1200,15
12576390,41.010163,28.946644,66.73,700,1200,15
12520764,41.0866,29.005122,45.99,700,1300,10
12567466,41.032784,28.98545,63.1,600,1600,10
12561359,41.025815,28.601951,121.8,600,900,10
12564235,41.0869,29.04954,52.1,800,1000,10
12519169,41.110916,29.022907,4,700,1200,5
12509313,41.065246,28.840094,65.33,600,1600,30
12561399,41.01324,28.597539,7.92,800,930,10
12559622,40.977644,28.870848,173.22,600,1600,15
12519221,41.11455,29.054695,195.4,600,1600,15
12591133,41.185631,28.740149,19.46,800,1200,25
12561555,40.998327,28.533426,22.55,900,1300,10
12556566,41.059672,28.676317,66.44,800,1400,15
12566396,41.090607,29.003861,133.3,800,1100,5
12559735,40.978193,28.850685,78.5,700,1300,20
12556501,41.172463,28.618339,25.82,1300,1600,15
12508358,41.064786,29.002241,85.17,700,1300,15
12533123,40.99787,28.847152,9.6,700,1200,5
12515147,41.088966,28.980419,548,900,1200,15
12556454,41.05663,28.668072,19.31,800,1200,30
12501868,41.051623,28.945959,66.48,1200,1400,10
12568616,41.044992,29.00297,7.98,700,1300,10
12569176,41.053862,28.959734,119.65,500,800,10
12592189,41.082278,28.926033,45.3,900,1400,20
12570088,41.065773,29.008288,10.8,1000,1200,10
12559661,40.981568,28.874334,12.15,600,1200,15
12535038,41.077741,28.693992,17,600,1600,15
12562156,41.010003,28.685782,24.51,800,1300,10
12559514,40.991698,28.880986,71.7,800,1600,10
12519215,41.105342,29.04421,49.33,600,1600,15
12554132,41.003265,28.628696,29.6,800,1300,10
12561511,41.143163,28.466864,22.3,1000,1400,10
12537184,41.005087,28.823155,1767.13,900,1100,45
12535060,41.063062,28.686247,151.68,600,1600,15
12556421,41.076003,28.632514,137.9,600,1200,15
12566509,41.099162,28.99815,27.4,700,1300,10
12560275,40.98201,28.721371,281.72,800,1200,15
12566366,41.09216,29.001911,20.18,800,1100,10
12520534,41.188545,29.047616,368.6,700,1100,30
12562075,40.995586,28.710634,119.74,700,1300,15
12537103,41.000647,28.852339,48.66,600,1600,15
12564509,41.057295,29.030074,252.09,600,1600,15
12541131,41.064325,28.90975,57.27,700,1000,5
12568485,41.043925,29.001703,115.68,600,1000,15
12578372,41.070289,28.640424,7663.83,600,1600,15
12593211,41.08702,28.902257,50.4,1000,1300,15
12564169,41.071125,29.029629,407.5,600,1600,20
12545737,41.004104,28.843269,120,700,1000,15
12556655,41.066062,28.660246,99.65,1000,1300,10
12538155,41.021165,28.820113,64.43,800,1600,15
12545728,41.008558,28.818586,8,800,1200,15
12576399,41.015062,28.933372,394.09,600,1200,15
12564198,41.07552,29.018903,56.52,600,1600,5
12591110,41.050117,28.799017,41.29,900,1600,25
12548030,41.033953,28.678994,21.53,800,1000,10
12545016,41.001312,28.881837,53.33,900,1100,5
12503481,41.079377,29.006502,124.12,600,1600,15
12567405,41.08327,28.977421,628.79,600,1000,10
12575009,40.957669,28.819567,39.55,700,1200,16
12560057,40.985764,28.699986,96.25,1000,1100,10
12566369,41.090524,29.003741,194.48,800,1100,5
12578160,41.080167,28.995075,55.97,800,1300,16
12562004,41.011706,28.665991,33.65,600,1200,15
12578161,41.091197,28.995375,35.45,900,1500,50
12588290,41.005371,28.66011,72.19,900,1300,10
12563648,41.040127,28.922321,39.75,600,1600,10
12545620,40.99717,28.848442,88.68,1100,1500,15
12559448,40.974082,28.868659,107.6,800,1600,10
12562074,41.009645,28.694728,215.09,700,1300,15
12593213,41.101176,28.862907,109.83,1000,1100,10
12554111,41.007986,28.628689,17.73,800,1300,10
12508294,41.061684,28.994574,76.95,600,1600,15
12519144,41.113399,29.034737,219.9,700,1200,5
12593090,41.089432,28.868815,176.11,1200,1600,15
12508304,41.062778,28.992764,198,600,900,20
12515132,41.068529,28.974134,5751.35,600,1600,30
12559687,40.97778,28.871856,15.3,600,1600,15
12579396,41.056172,28.98123,218.8,700,1300,10
12569360,41.006508,28.970311,15.8,600,1600,15
12557672,41.056194,28.627625,336.5,700,1200,15
12564465,41.080966,29.035151,117.32,700,1200,5
12583323,40.977785,28.791867,538,800,1200,20
12568582,41.075898,29.042906,64.85,800,1000,5
12503242,41.076158,29.020488,81.45,800,1500,10
12559726,40.976831,28.874451,12.75,800,1300,15
12559618,40.992515,28.872129,85.15,600,1600,15
12554131,41.016195,28.626915,3.2,900,1200,15
12558274,41.007576,28.899081,66.41,800,1300,15
12504001,41.028864,28.875158,4.5,650,1200,10
12515030,41.076878,28.981669,72.65,900,1200,30
12592173,41.069272,28.90725,39.83,900,1200,20
12570139,41.071921,29.015509,166.5,800,1200,15
12532543,41.054702,28.840089,29.13,600,1600,15
12503371,41.071181,28.996604,98.35,800,1700,15
12585249,41.036083,28.785031,16.8,900,1600,10
12583317,40.959211,28.822502,20,700,1100,10
12560238,40.981744,28.711191,162.32,600,1200,15
12576430,41.026222,28.958603,16.83,1000,1300,15
12535032,41.063764,28.689807,1762.05,600,1600,15
12566518,41.095605,28.987805,431.9,700,1300,10
12576428,41.020969,28.953071,14.4,800,1200,10
12535046,41.075812,28.67137,89.1,600,1600,10
12568632,41.045546,29.002967,30.13,1100,1300,10
12538284,41.038272,28.829521,206.33,800,1000,15
12562125,41.023312,28.686405,13.83,700,1200,10
12508309,41.071326,28.99189,67.4,600,1600,15
12588221,41.008044,28.632774,171.88,1000,1200,30
12563707,41.046211,28.932938,87.7,700,1300,10
12510635,41.144138,28.460485,14,800,1300,10
12589069,40.981056,28.716425,35.75,800,1400,15
12515331,41.084962,28.97747,193.38,600,1600,15
12520167,41.111579,28.997444,51.93,600,800,30
12585401,40.995592,28.776737,51.58,1200,1600,15
12558215,40.986511,28.904322,194.61,700,1200,15
12559400,40.978732,28.850312,93.1,900,1200,20
12578224,41.195125,28.748345,14.47,700,1200,15
12520756,41.168606,29.035892,62.55,700,1300,10
12536049,41.040633,28.771069,126.05,800,1200,15
12533093,41.003966,28.859754,25.29,700,1600,15
12568474,41.061981,28.995943,39.05,900,1200,30
12533156,40.998707,28.842555,292.38,800,1300,15
12593112,41.099534,28.865485,551.75,800,1200,15
12567099,41.033331,28.9769,432.36,600,1000,15
12591132,41.029969,28.829428,50.31,900,1200,15
12584216,41.1926,29.050958,151.43,800,1300,30
12545122,40.999664,28.8601,18.32,600,1600,10
12568430,41.049242,29.006333,8.46,700,1000,10
12509256,41.079011,28.883958,64.03,830,1400,30
12557696,41.041904,28.637694,47.95,800,1300,10
12520692,41.085949,29.008171,15.86,700,1200,5
12570187,41.070342,29.002587,39.93,700,1300,10
12501012,41.066692,28.974287,130.42,600,700,5
12538302,41.043169,28.83037,55.57,800,1100,10
12584346,41.234758,29.109529,207.95,600,1600,15
12558286,40.989707,28.904981,32.39,1000,1400,15
12535183,41.07648,28.663538,17,900,1300,15
12545747,41.001999,28.818804,21.33,800,1200,10
12510657,41.03546,28.839969,7.47,800,1300,15
12583389,40.987827,28.796013,30.11,600,1600,15
12508365,41.065033,28.993592,158.4,700,1300,10
12578381,41.077773,28.618917,39.64,800,1300,10
12549021,40.989663,28.660384,41.85,1000,1200,15
12533085,40.992245,28.843916,73.84,800,1600,10
12592261,41.03466,28.793708,40.8,1000,1200,15
12583256,40.958285,28.816441,27.67,800,1500,20
12557610,41.037206,28.648696,211.7,600,1200,15
12556293,41.063373,28.671666,167.2,600,1200,5
12570130,41.067343,29.002809,217.88,800,1000,5
12510653,41.084365,28.270938,52.74,800,1300,15
12588069,41.034531,28.680453,19.05,800,1200,15
12585157,40.978914,28.724317,44.48,1100,1200,25
12515314,41.101301,28.980123,235.14,800,1300,15
12559689,40.995835,28.885989,132.55,600,1600,15
12593069,41.132961,28.82607,24.68,600,1500,15
12519053,41.117549,29.042868,375.5,600,1600,10
12579260,41.048457,28.958449,29.36,800,1200,30
12592367,41.054405,28.791175,46,700,900,15
12579233,41.050194,28.991449,70.3,1000,1200,15
12509446,41.055667,28.870955,219.46,800,1200,15
12592222,41.05246,28.793142,183.85,1200,1600,15
12541074,41.046103,28.932173,76.92,700,1200,5
12532411,41.052257,28.839448,67.15,630,1600,10
12510659,41.142249,28.462981,112,800,1300,15
12503059,41.061492,28.987769,63.7,700,1000,10
12584243,41.168041,29.05746,35,800,1600,15
12536101,41.035646,28.787989,69.91,700,1400,15
12583401,40.987603,28.825226,111.6,600,1200,15
12508321,41.066949,28.994099,87.1,800,1000,5
12557423,41.113536,28.791302,301.19,1300,1600,25
12542070,41.01503,28.928635,90.01,700,1000,30
12583468,40.992209,28.795279,153.28,7000,14000,15
12569283,41.038445,28.944621,85.43,600,1600,10
12561250,41.013917,28.650122,181.25,800,1200,20
12576451,41.022252,28.945122,212.44,800,1000,20
12588078,41.0053,28.6527,48.01,900,1000,15
12576122,41.051872,28.985828,72.35,1000,1300,19
12588057,41.062204,28.678855,73.18,800,1200,30
12537045,41.014451,28.856983,242.3,600,1600,15
12537185,41.010398,28.814799,47,1000,1200,30
12509474,41.053259,28.875067,41.6,800,1300,15
12557632,41.068575,28.620096,24.98,600,1600,15
12568323,41.045589,29.019283,10.5,1000,1200,10
12591332,41.051858,28.812478,174.65,800,1000,10
12585421,41.004898,28.798192,256.59,900,1200,15
12592157,41.062947,28.914083,114.18,900,1400,20
12515243,41.056035,28.950923,47.78,600,1200,10
12556534,41.153906,28.621247,10.24,600,1200,25
12588327,41.008316,28.657105,18.38,700,1500,15
12562001,40.991023,28.626501,16.75,800,1100,15
12520742,41.08171,29.004438,216,800,1300,10
12567437,41.036337,28.984912,23.6,600,800,15
12557685,41.059262,28.625146,39.23,900,1300,10
12559733,40.991234,28.83529,66.25,800,1300,15
12591311,41.188758,28.737979,78.3,600,1600,20
12509146,41.0871,28.8755,64.2,1200,1600,10
12584377,41.187789,29.039628,19.26,700,1300,10
12579303,41.040835,28.999166,34.52,600,1600,10
12583458,40.964819,28.80327,40.3,600,1600,15
12538278,41.032374,28.827185,502.2,900,1200,15
12593175,41.108027,28.876076,419.05,600,1600,15
12532521,41.045671,28.831854,73.98,1200,1600,10
12593132,41.10027,28.863044,75.04,600,1600,15
12504333,41.039302,28.880883,8.5,800,1300,15
12556551,41.057224,28.672669,17.6,800,1600,10
12564511,41.075359,29.019866,22.8,700,1300,15
12550187,41.033556,28.448812,2,900,1200,10
12584364,41.139087,29.054122,64.05,800,1300,10
12556517,41.086112,28.74237,49.1,1300,1600,15
12568610,41.047895,29.005885,7,700,1300,15
12533096,41.001181,28.88081,40,600,1600,10
12568541,41.051694,29.016739,22.08,600,1600,15
12576445,41.023484,28.943396,111.47,1000,1300,15
12545344,41.0009,28.8704,10,600,1500,10
12554146,41.016275,28.627157,9,900,1300,10
12566512,41.094222,29.005,287.25,700,1300,15
12542060,41.006991,28.942168,94.05,600,1600,15
12539788,41.048311,28.920431,30,500,2000,10
12568556,41.042712,29.009881,1427.4,800,1000,10
12591414,41.109001,28.787453,26.09,1000,1200,15
12532572,41.0432,28.841656,28.57,600,1600,15
12508345,41.067872,28.992396,2.8,600,1600,15
12520752,41.085925,28.986385,27.47,600,1600,10
12557697,41.073196,28.637739,509.75,700,1200,12
12545722,40.999435,28.828125,34.46,600,1600,10
12567506,41.02991,28.988719,59,1000,1300,15
12548126,41.017641,28.666642,13.37,900,1200,10
12583441,40.97815,28.817584,152.5,700,1300,10
12504365,41.018863,28.897363,12.3,800,1300,15
12532649,41.035065,28.855887,67.47,1000,1400,15
12585326,41.01541,28.797541,115,800,1700,20
12508366,41.06857,28.986539,116.83,700,1300,10
12549559,40.995916,28.675759,13,700,1200,5
12591020,41.067911,28.904322,34.74,700,1400,15
12509375,41.053281,28.889897,58,900,1600,10
12554088,41.00764,28.632765,110.7,700,1300,15
12549563,40.976547,28.655705,116.44,800,1300,15
12537173,41.011976,28.814952,9,600,1400,15
12576398,41.011145,28.935367,42.36,600,1600,10
12545754,41.001196,28.836336,50,800,1300,15
12532497,41.039666,28.852123,11.47,900,1600,30
12568578,41.044836,29.00723,74.39,1100,1200,10
12564485,41.075657,29.01686,26.67,800,1300,15
12501879,41.071165,28.978362,46.9,600,1600,15
12508337,41.063893,28.977437,206.97,1000,1200,10
12585158,40.961431,28.819139,78.09,800,1200,20
12576157,41.021553,28.942968,34,800,1600,15
12537186,41.015172,28.825758,30,800,1400,15
12541132,41.08012,28.938866,48.75,600,1600,15
12567438,41.03617,28.984469,23.01,600,800,15
12538218,41.03228,28.833956,427.5,600,1600,15
12532485,41.055922,28.846278,49.54,700,1600,15
12569383,41.011522,28.960702,299.21,600,1000,15
12508295,41.058448,28.98659,16.93,600,1600,15
12564516,41.077786,29.022452,28,700,1300,10
12569371,41.007992,28.976459,308.7,700,1000,20
12568570,41.054805,28.985039,49.56,800,1000,5
12556340,41.047161,28.634115,88,600,1100,20
12556625,41.070342,28.694864,42.26,600,1600,10
12548008,41.014596,28.665304,67.14,830,1200,20
12584102,41.169157,29.056306,73.4,830,1100,20
12566520,41.115497,28.998349,45.99,600,1600,15
12503019,41.071585,29.028689,51.52,900,1100,5
12578266,41.110532,29.032288,152,800,1200,5
12554114,40.997453,28.626079,52.09,800,1300,10
12559746,40.977524,28.874323,46.41,1200,1500,15
12564271,41.079489,28.995182,51.31,600,1600,15
12554074,41.003226,28.633571,16.34,800,1200,10
12532658,41.064925,28.839217,65.28,8000,1400,25
12538191,41.032231,28.823443,12.39,800,1200,10
12532122,41.0341,28.8562,53.34,700,1600,15
12555108,41.011284,28.660017,62.1,800,1600,20
12576385,41.016025,28.949126,15.76,700,1200,15
12509270,41.067769,28.897503,7.17,700,1200,10
12536074,41.050179,28.753913,53.81,1200,1600,15
12588091,41.0058,28.6555,49.63,1000,1100,20
12594136,41.124742,28.766897,41.2,700,900,15
12558058,40.995837,28.885995,12.3,800,1300,20
12585150,40.979564,28.741508,44.75,1200,1300,15
12579280,41.053163,28.994537,8.42,900,1200,5
12593201,41.098745,28.899698,17.15,700,1100,15
12583407,40.979717,28.792687,15.9,700,1600,15
12566417,41.098448,28.997133,148.8,800,1100,20
12568207,41.104886,29.056494,11.41,800,1300,10
12567496,41.030412,28.981928,17.18,800,1200,15
12576293,41.010286,28.931438,90.22,900,1600,5
12588253,40.995196,28.685488,8260.8,600,1600,15
12583454,40.958309,28.821225,134.29,800,1300,15
12583470,40.973484,28.799348,27.5,800,1000,30
12593126,41.099247,28.861057,37.78,600,1600,15
12567507,41.025002,28.981594,48,600,1000,15
12554180,41.017477,28.627092,380.55,1030,1200,10
12591195,41.079986,28.794214,118.6,900,1600,15
12509483,41.06337,28.89394,57.05,1100,1500,5
12568428,41.045505,29.000376,135,600,800,10
12566489,41.098384,28.986486,24.1,700,1300,10
12545176,41.019411,28.849908,60.08,600,1600,15
12561398,41.081628,28.260598,46.44,900,1000,20
12539765,41.059364,28.913115,64.9,600,1600,15
12561474,41.079567,28.236652,47.83,600,1600,15
12564183,41.081373,29.036393,9.95,800,1100,5
12568256,41.072872,29.017756,649.1,800,1200,45
12523117,41.122414,28.634297,10255,600,900,45
12556644,41.059119,28.67257,13.06,900,1300,10
12584178,41.169585,28.990828,63.97,800,1600,5
12559745,40.980536,28.876121,38.13,700,1200,15
12509468,41.063482,28.841903,22.95,900,1200,15
12545664,40.999293,28.827196,12.24,800,1700,20
12594124,41.103829,28.792244,72.33,800,1800,15
12578163,41.070356,28.972919,47.96,800,1100,35
12567467,41.032617,28.983747,85.37,800,1000,5
12501873,41.0706,28.975353,18.85,700,1300,10
12583390,40.964313,28.799176,40.32,600,1600,15
12556541,41.056301,28.668162,323.85,1000,1600,15
12519123,41.116044,29.021713,11.4,700,1200,5
12554079,41.004082,28.625339,94.38,600,1600,15
12561504,41.017293,28.590327,8.75,900,1300,10
12538165,41.035414,28.828258,32.58,600,1600,10
12591370,41.063308,28.807748,17.7,600,1600,15
12508361,41.06911,28.991999,3.93,700,1300,10
12588204,41.012078,28.638976,21.48,900,1000,15
12550168,41.072102,28.244829,9.04,800,1300,10
12563573,41.037621,28.922709,19.28,600,1400,15
12578334,41.093502,28.973978,34.31,800,1400,10
12593039,41.099955,28.867091,48.28,1200,1600,10
12585307,41.001386,28.797314,333.16,900,1600,10
12541053,41.078589,28.922114,21.86,530,1430,5
12562016,41.010119,28.660626,2.53,600,1800,20
12533056,40.992319,28.84562,10.62,600,1600,10
12564258,41.081395,29.036075,19.44,600,1600,10
12583453,40.960304,28.82317,25.44,600,1200,15
12570059,41.067958,29.005957,11.39,600,1600,10
12549047,41.009584,28.636552,128.37,600,1600,15
12569139,41.012714,28.960342,108.6,700,1200,20
12585178,40.983559,28.872285,147.94,800,1200,30
12568129,41.062091,28.992217,33.75,700,900,16
12509405,41.058948,28.86935,12.99,600,1600,10
12554185,40.997999,28.624905,10.62,800,1300,15
12576397,41.015001,28.929054,20.09,700,1200,15
12556616,41.084757,28.654833,30.68,800,1600,5
12583252,40.98547,28.831387,51.75,900,1200,20
12535095,41.057305,28.716778,96.93,600,1600,10
12585342,41.006277,28.812397,874.7,600,1600,15
12520627,41.08675,29.010128,77,800,1100,5
12578383,41.040607,28.810503,76.32,800,1300,15
12567517,41.03494,28.978549,37.38,1000,1300,10
12594152,41.184913,28.713276,58.7,900,1200,15
12578332,41.091502,28.976097,73.69,800,1400,10
12585433,41.006525,28.795401,12,1000,1500,15
12535108,41.077163,28.694214,74.05,1200,1600,15
12567498,41.030221,28.97555,68.82,600,900,20
12576450,41.014725,28.940444,11.09,1000,1400,15
12594159,41.122319,28.770769,31.2,800,1300,15
12509314,41.0518,28.898007,90.81,1100,1600,15
12504358,41.037375,28.884893,98.45,600,1200,15
12561447,41.024852,28.515862,44.81,800,1400,15
12569028,41.007861,28.977414,81.48,700,1000,10
12568523,41.045792,29.002794,85.68,800,1100,10
12520615,41.083201,29.003155,188.89,1200,1600,5
12576361,41.016249,28.931142,10.62,800,1200,15
12558256,40.99779,28.911785,96.72,700,1300,15
12549437,40.989119,28.607156,27.47,700,1400,15
12592348,41.053822,28.791218,12,800,1100,20
12570072,41.067187,29.014034,55.71,700,900,10
12583205,41.0455,28.905506,34.79,900,1200,20
12554183,41.117313,29.003605,126.63,700,1200,5
12545675,41.001851,28.816961,72.56,600,1600,15
12561499,41.01458,28.547312,47.89,900,1300,15
12535107,41.058438,28.72994,8.63,900,1300,15
12561362,41.019801,28.589602,44.4,900,1100,10
12569363,41.01148,28.960331,158.95,600,1600,15
12535059,41.069696,28.684417,76.5,800,1600,6
12593212,41.107322,28.859979,46.34,1030,1200,10
12556436,41.133967,28.635306,48,600,1100,20
12566275,41.0817,29.0101,36,600,1100,15
12509471,41.045561,28.89626,1.2,600,1600,15
12593186,41.086757,28.902365,18.53,1000,1400,10
12556507,41.065087,28.670754,58.85,1300,1600,15
12584315,41.121653,29.053544,50.75,600,1600,10
12591199,41.062104,28.80978,204.5,900,1600,25
12564085,41.08684,29.049332,116.91,800,1100,10
12564495,41.07034,29.017977,72.75,800,1300,15
12583222,40.959832,28.822739,78.6,800,1600,20
12537179,41.007048,28.82183,31.75,800,1300,15
12559532,40.993982,28.867064,16.56,700,1600,10
12519159,41.108716,29.007761,48.79,700,1200,5
12578335,41.183772,28.886611,100.05,800,1400,15
12542052,41.005377,28.929316,22.89,600,1600,15
12566519,41.117212,29.00174,17,700,1300,10
12585142,41.085756,28.804519,354.15,900,1600,30
12593174,41.100427,28.869062,20.12,900,1100,5
12567008,41.036303,28.9844,24.5,600,900,15
12591334,41.073623,28.79575,705.75,800,1200,15
12593194,41.091139,28.86407,344.73,600,1600,15
12594161,41.115836,28.744555,96.73,1100,1500,15
12554191,41.006517,28.604717,23.8,800,1300,15
12589066,41.063772,28.704936,77.05,800,1200,30
12561333,41.00834,28.537647,100.28,600,1800,15
12592172,41.078814,28.921908,19.16,900,1400,20
12539764,41.067059,28.89979,8.6,600,1600,15
12569124,41.015992,28.967656,103.95,700,1200,20
12563570,41.024477,28.900892,605.2,700,1200,10
12554134,40.987714,28.596379,68.25,1000,1400,10
12542058,40.996334,28.930395,38.35,600,1600,15
12557603,41.06269,28.635737,313.33,600,1100,15
12562173,41.006948,28.707314,9.5,800,1300,15
12567040,41.02875,28.974658,159.65,600,1000,10
12561238,41.000169,28.647219,38.7,600,1000,10
12576298,41.010729,28.938293,139.2,1000,1600,10
12584201,41.143049,29.030728,42.49,1200,1700,5
12533121,40.99529,28.84763,197.34,600,1600,10
12510662,41.016661,28.672461,9.6,800,1300,15
12537147,41.01725,28.846772,482.25,700,900,20
12509378,41.045934,28.896081,21.24,600,1600,10
12560241,40.98235,28.722457,496.36,600,1600,15
12559388,40.977722,28.870897,21.57,800,1600,15
12539565,41.081483,28.919874,61.41,600,1700,11
12566357,41.097676,29.004375,33.3,900,1130,5
12520711,41.085869,29.004992,61.95,700,1200,5
12532655,41.031594,28.844291,4.5,800,1000,30
12561315,41.000484,28.542349,9.56,1100,1230,10
12566393,41.090852,28.997987,171.76,800,1100,10
12545581,41.010083,28.815716,14.4,900,1500,10
12558242,41.003639,28.931211,42.97,800,1200,10
12537188,41.001687,28.83027,55.36,8000,1400,20
12561512,41.019388,28.535896,65.63,700,1200,10
12534021,41.068411,28.895813,15.34,600,1600,10
12545692,41.008799,28.822269,33.7,600,1600,15
12520651,41.083139,29.002936,108.31,800,1300,20
12555081,41.020248,28.649383,50.9,800,1400,20
12541135,41.076738,28.941425,39.7,600,1600,15
12585295,41.015365,28.800485,36.15,900,1600,15
12568160,41.062008,28.997381,101.05,700,900,15
12592225,41.034726,28.764801,82.8,900,1600,15
12584009,41.033794,28.968294,138.45,800,1100,17
12561100,40.9935,28.7126,40,800,1100,8
12559572,40.977281,28.868356,10.62,800,1600,15
12576268,41.019027,28.936511,865,600,1200,15
12584184,41.127922,29.042616,109.75,800,1200,5
12593134,41.095368,28.895706,14.7,600,1600,15
12594060,41.107828,28.757536,108.68,600,1600,15
12583306,40.963225,28.80892,67.8,700,1600,10
12569359,41.006365,28.980511,15.6,600,1600,15
12561566,41.003105,28.532624,6.8,800,1300,15
12541060,41.07558,28.946513,115.83,530,1430,10
12537122,41.010404,28.814831,25,600,1600,10
12509399,41.051091,28.87533,215.32,600,1600,15
12588250,41.009714,28.64331,140.15,800,1400,15
12520735,41.07708,29.00879,653.14,1000,1200,20
12510661,41.137669,28.464361,1500,800,1300,15
12508367,41.068724,28.986696,24.7,700,1300,10
12535029,41.077574,28.750714,93.76,600,1600,10
12536044,41.03439,28.783501,76.3,800,1000,15
12583236,40.984644,28.788021,122.5,600,1200,20
12592352,41.060705,28.789937,18.15,1000,1400,15
12503466,41.079707,29.007325,12.25,800,1100,20
12585185,41.002922,28.790661,36.43,900,1600,25
12538297,41.092944,29.004411,5,800,900,10
12562071,40.995763,28.70642,77.96,800,1400,15
12550185,41.07368,28.247874,77.33,700,1200,5
12562028,41.025192,28.633848,57.8,600,1600,15
12576152,41.021161,28.942859,42.49,800,1100,15
12567479,41.033734,28.977713,45.75,800,1000,5
12593164,41.093441,28.865662,32.12,600,1600,15
12570094,41.065841,29.008506,13.99,800,1000,10
12559697,40.995306,28.864999,25.83,700,1300,15
12584368,41.13002,29.042063,173.61,700,1300,10
12569169,41.009617,28.973756,42.27,600,1200,15
12584176,41.246556,29.035411,13.43,800,1600,5
12591408,41.120614,28.807334,66.07,600,1600,15
12554189,41.009084,28.633063,10.89,800,1300,15
12560309,40.981861,28.721151,150.98,900,1200,10
12534090,41.074688,28.887726,31.53,600,1600,15
12576360,41.021269,28.945631,17.7,800,1200,15
12563287,41.062934,28.89656,94.77,600,1600,15
12559399,40.995834,28.886007,100.6,900,1200,10
12559671,40.986784,28.867115,72.44,600,1600,10
12584338,41.173328,29.050392,10.8,800,1300,10
12566453,41.095632,29.0053,38.55,700,1200,5
12592171,41.0979,28.863936,29.4,830,1200,35
12556548,41.062444,28.67924,9.6,800,1600,20
12535181,41.07089,28.726246,7.8,1100,1500,15
12557646,41.046598,28.651185,244,800,1600,10
12509435,41.05946,28.854956,162.96,800,1600,5
12563708,41.033149,28.90956,62.22,900,1400,15
12567365,41.037447,28.991976,160,600,900,30
12515261,41.076746,28.981638,62.75,600,1600,15
12576446,41.012734,28.961956,942.5,800,1000,45
12564180,41.079082,29.031248,33,800,1200,10
12503256,41.041683,28.986053,55.43,800,1300,15
12569042,41.004422,28.975942,74.6,700,1200,15
12545765,40.995144,28.847052,157.95,800,1000,30
12549562,40.992798,28.625305,65.33,800,1300,15
12584369,41.192821,28.903578,17,600,1600,15
12556473,41.058547,28.668094,34.74,900,1600,25
12532648,41.035975,28.859038,14.8,900,1300,15
12593038,41.100633,28.864732,71.32,1200,1600,10
12556524,41.124489,28.632361,2556.9,800,1600,90
12576364,41.016552,28.95292,50,600,1600,15
12568127,41.050308,29.008003,71.8,800,1000,10
12515333,41.072029,28.966315,6.64,800,1000,45
12556660,41.068281,28.661453,34.2,900,1300,10
12570028,41.068067,29.00653,62,900,1130,15
12588323,41.010928,28.64423,104.66,700,1300,10
12542071,41.01285,28.93172,87.45,800,1100,15
12541100,41.067559,28.947059,18.3,800,1200,10
12545348,41.003655,28.817739,53.75,600,1600,15
12538291,41.031609,28.81269,5.77,900,1200,15
12563452,40.99698,28.909242,252,1300,2100,30
12532503,41.030129,28.866418,36.77,600,1600,15
12588199,41.010054,28.639555,7.35,600,1600,20
12534015,41.085304,28.90621,49.74,600,1200,10
12594031,41.101054,28.762068,105.48,800,1300,15
12591219,41.088473,28.80038,433.63,800,1600,20
12520539,41.089492,29.033432,62.97,700,1100,10
12520715,41.080775,29.008943,25.97,700,1200,5
12504317,41.002893,28.885852,98.61,600,1600,5
12591224,41.126239,28.79339,128.85,800,1600,10
12559058,40.980414,28.794264,123.73,800,1200,15
12588102,40.986936,28.64743,55.74,900,1000,15
12549055,40.993585,28.662636,30,600,1600,15
12592325,41.046603,28.778189,93.5,700,900,15
12558293,40.985401,28.907819,18.34,800,1000,20
12583213,40.987422,28.789705,14.16,700,1500,20
12541035,41.092357,28.948622,1394.25,600,1600,15
12576347,41.023192,28.960799,29.19,600,1600,15
12512911,41.002213,28.830331,78.68,600,1600,15
12566488,41.118556,29.000007,92.3,800,1200,10
12578227,41.089344,28.875367,84.28,800,1400,15
12545759,41.011678,28.841477,53.45,800,1300,15
12584068,41.103825,29.046575,76.75,800,1100,15
12533175,41.012816,28.828353,83,800,1000,5
12567484,41.035278,28.981558,102.75,700,1000,5
12508270,41.059668,28.985313,216.6,1000,1200,10
12539574,41.067038,28.938536,99,1200,1600,30
12584067,41.105856,29.043967,92.04,800,1100,15
12554166,41.022127,28.623895,149.42,900,1300,10
12563706,41.038928,28.91371,112.37,900,1300,15
12592286,41.049304,28.807692,528.88,600,1600,10
12558282,40.99278,28.894211,13.8,800,1900,15
12541110,41.075362,28.941873,11.5,1000,1400,15
12538267,41.04159,28.819557,15.2,900,1200,15
12558014,40.973086,28.804103,47.8,900,1600,15
12520561,41.10871,29.022139,149.78,800,1200,5
12579402,41.052428,28.980583,55.2,1100,1400,10
12588089,40.9966,28.6048,36.67,830,1200,20
12585389,41.006751,28.796491,37.4,1000,1200,15
12588085,41.0072,28.5376,101.34,1000,1100,20
12548127,41.019501,28.654239,55.65,700,1400,15
12536060,41.02455,28.796776,48.2,600,1600,15
12570157,41.071331,28.998575,15.47,800,1300,15
12519163,41.101296,28.980109,18,800,1000,5
12592242,41.029513,28.802106,84.95,700,1600,20
12559419,40.977956,28.875675,20.05,1000,1500,20
12592014,41.065814,29.007453,102.52,900,1200,25
12588197,40.99918,28.653281,10.62,900,1000,10
12584069,41.048772,28.928417,72.82,900,1200,25
12558220,40.991347,28.894117,140,800,1600,6
12579365,41.057612,28.980112,76.71,1000,1200,5
12566051,41.117513,28.992941,135.15,500,1200,10
12539597,41.087774,28.92536,12.6,830,1400,20
12509477,41.051888,28.891756,37.84,800,1200,15
12567499,41.058312,28.842244,79.32,700,1199,15
12060066,41.030161,28.649487,2868.55,830,1600,30
12535153,41.063019,28.70968,16.5,900,1200,15
12556603,41.068248,28.674345,62.55,600,1600,15
12558217,40.986795,28.904323,105,700,1400,15
12561185,40.991347,28.715717,153.98,830,930,18
12564502,41.075736,29.042977,9.9,700,1300,10
12537174,41.011512,28.866148,8.91,800,1300,15
12563527,41.020924,28.905985,401.2,700,1100,10
12592197,41.058794,28.928373,73.51,900,1400,20
12585183,41.01751,28.787679,44.89,800,1200,30
12562048,41.01227,28.681523,5723.81,600,900,10
12535017,41.060108,28.710955,94.18,800,1400,20
12532624,41.047119,28.8566,24.88,900,1200,15
12576123,41.073803,29.017703,137.65,900,1200,10
12509344,41.04601,28.896068,126.3,600,1600,20
12539614,41.061157,28.91368,129.25,600,1600,10
12592022,41.049967,29.025511,76.69,800,1200,20
12537172,41.012592,28.819313,86.4,800,1000,30
12566494,41.090616,29.004226,92.34,700,1300,10
12558290,40.990237,28.903815,80.88,900,1100,15
12568572,41.047918,29.007451,57.02,600,1600,10
12534027,41.080988,28.882384,130.15,600,1600,10
12592372,41.041098,28.790228,24.9,900,1300,15
12532515,41.03083,28.834993,47.18,600,1600,10
12557554,41.015956,28.663427,47.39,800,1200,15
12594151,41.10005,28.790262,12.79,900,1200,15
12538296,41.023874,28.825929,34.44,600,1600,10
12562160,40.994512,28.719813,200,700,1200,5
12593118,41.092976,28.864112,8.85,600,1600,10
12545462,41.001915,28.851608,94.35,800,1000,10
12593187,41.087146,28.90763,18,800,1000,10
12561450,40.995818,28.533878,53.63,800,1400,15
12570080,41.070787,29.010009,14.16,600,1600,15
12584264,41.188927,29.038256,170.34,730,1400,15
12591390,41.101396,28.789799,51.43,900,1200,15
12519160,41.105685,29.024578,143.4,700,1200,5
12588319,41.004456,28.681683,20.67,700,1000,10
12556608,41.05819,28.667953,161.48,800,1600,8
12562161,41.002299,28.713775,37.35,700,1200,10
12539798,41.041645,28.915509,82.5,900,1100,5
12579271,41.03466,28.989271,22.24,800,1000,15
12563197,41.065108,28.865761,105,600,1300,25
12585144,40.992978,28.791937,75.06,900,1600,30
12585434,40.986059,28.785324,19.8,1000,1500,15
12541062,41.086211,28.899228,41.06,600,1600,10
12539568,41.074025,28.903146,75.78,800,1600,20
12578164,41.090544,29.004035,18.73,900,1500,23
12585369,40.992371,28.779151,67.29,800,1200,15
12515151,41.047544,28.943755,444.3,600,930,30
12537110,41.015677,28.824597,36.84,600,1600,15
12585151,40.978836,28.734922,56.54,800,900,15
12555118,41.009597,28.668358,73.1,800,1600,6
12578122,41.083597,29.003692,92.86,800,1100,20
12537054,41.022796,28.859683,36.38,1100,1500,15
12564126,41.086274,29.048088,59.45,700,1100,10
12509486,41.034874,28.877249,44.78,600,1600,15
12570147,41.059255,29.001672,9.3,800,1300,15
12561561,40.997091,28.543537,15.84,1000,1200,15
12588094,41.005317,28.626797,65.57,900,1000,15
12532537,41.035357,28.856915,10.62,600,1600,10
12557704,41.054857,28.628391,1540,700,1200,5
12593148,41.091781,28.86509,22.45,530,1430,5
12545662,41.006464,28.821466,50.4,600,1600,5
12576337,41.020489,28.946927,289.13,600,1600,15
12559736,40.984236,28.877247,15.18,800,1300,15
12554121,41.014506,28.604646,81.97,800,1200,15
12537170,41.020281,28.839943,84.2,800,1200,5
12535180,41.008545,28.657301,11.3,800,1300,15
12576057,41.067564,28.998635,113.03,1000,1300,15
12564466,41.085386,29.046996,195.35,700,1200,5
12536041,41.054535,28.790264,375.8,600,1600,15
12519173,41.11493,29.022872,30.45,800,1300,10
12563635,41.052708,28.923845,27.56,600,1600,15
12566271,41.069592,29.010894,99.63,650,1000,15
12519207,41.092736,29.035046,11,700,1300,10
12510639,41.070798,28.250882,9.25,900,1300,10
12591308,41.072582,28.81053,66.67,600,1600,20
12567511,41.024399,28.97989,85,600,1600,15
12570164,41.074815,29.000582,66.76,800,1200,15
12554190,40.994417,28.626077,21.1,800,1300,15
12558203,40.995839,28.885978,189,600,1600,15
12557578,41.032723,28.681955,17,600,1600,15
12585274,40.992931,28.789057,93.11,1200,1600,15
12555128,41.017053,28.645937,531.4,900,1200,10
12532659,41.028542,28.850323,25.95,800,1400,25
12539799,41.056824,28.913867,12.07,800,1000,5
12560199,40.981969,28.72242,196.65,800,900,20
12563564,41.0349,28.913384,52.23,830,1600,20
12585426,41.00729,28.795396,17.25,800,1300,15
12568511,41.043255,29.004562,103.92,700,1000,10
12591104,41.056636,28.789242,79.34,900,1600,25
12555126,41.009447,28.659185,19.2,900,1300,15
12520482,41.108328,29.016092,405,600,1000,5
12592277,41.035814,28.791041,257.59,800,1700,20
12558206,40.974455,28.874953,86.51,700,1600,15
12533043,41.002454,28.864614,92.83,600,1600,15
12570175,41.072684,29.002234,22.93,700,1300,10
12584182,41.158383,29.035778,29.88,700,1200,10
12592324,41.044437,28.776262,74.7,700,900,15
12519137,41.111376,29.02503,30.98,700,1200,5
12508329,41.067252,28.992538,12.4,800,1000,5
12533164,41.004512,28.866744,224.33,800,1000,26
12583461,40.978547,28.794483,159.78,800,1000,30
12583196,41.0354,28.903733,48.24,830,1200,20
12509342,41.057953,28.899555,40.82,1000,1600,30
12541022,41.088838,28.927148,42.95,600,1300,10
12531442,41.0292,28.945911,93.01,700,1200,20
12567493,41.035853,28.970431,4.11,800,1100,10
12535171,41.06388,28.686779,32.75,900,1200,15
12585384,41.000553,28.792449,59.5,700,900,15
12592375,41.054387,28.792219,51,800,1000,45
12567186,41.052169,28.985367,73.8,800,1000,15
12548104,41.038736,28.670961,76.5,700,1200,10
12533087,41.001069,28.870526,8.58,800,1600,5
12568631,41.06783,29.045248,337.7,700,1300,10
12556554,41.140512,28.622282,119,800,1500,20
12503469,41.076033,29.013296,73.57,600,1600,15
12532654,41.029807,28.856538,16.8,800,900,15
12533061,41.003828,28.882005,28.3,600,1300,15
12585147,41.010797,28.798595,36.79,900,1600,30
12576387,41.028973,28.94353,70,700,1200,15
12557397,41.084009,28.807182,417.83,1200,1600,25
12532548,41.038457,28.859163,84.33,600,1600,15
12537136,41.013948,28.816309,53.49,800,1600,5
12559445,40.98249,28.860161,43.39,900,1400,25
12539271,41.021872,28.909233,100.5,700,1100,10
12533107,41.002879,28.857021,44.38,600,1600,10
12558283,40.984904,28.895477,168.13,600,1600,15
12562006,41.053079,28.645384,841.43,1200,1400,40
12501002,41.024394,28.97423,71,600,1600,15
12561356,41.006503,28.540369,30.88,800,930,20
12594098,41.108414,28.758745,93.65,800,1600,5
12536045,41.036301,28.7847,61.29,900,1400,15
12559574,40.977552,28.872459,219.55,800,1200,15
12556667,40.960439,28.82309,36.15,800,1300,15
12585143,40.995008,28.769576,20.79,900,1600,30
12583330,40.962646,28.834402,16.58,700,1200,15
12538126,41.031506,28.827532,57.85,800,1600,15
12555149,41.019148,28.633456,9.75,900,1300,10
12535182,41.064338,28.709373,24.05,1000,1400,15
12570082,41.067595,29.001989,10.62,600,1600,15
12538268,41.031995,28.81211,1937.65,800,1000,20
12558090,40.986377,28.90799,40.68,600,1200,10
12503421,41.080358,29.007471,746,700,1000,15
12541052,41.093676,28.925465,628.55,600,1600,15
12532170,41.044032,28.879773,17,600,1600,15
12554160,41.02548,28.626737,22.29,900,1400,10
12556021,40.982092,28.72165,335.55,800,1100,22
12504319,41.008215,28.884664,149.57,600,1600,15
12585396,41.006827,28.797968,15.3,800,1100,20
12509461,41.060119,28.887279,46.2,800,1300,10
12556579,41.080952,28.662051,85.7,800,1000,10
12588051,41.003577,28.646379,61.13,900,1000,15
12592235,41.024937,28.796185,93.26,1200,1600,20
12570152,41.06298,29.001932,4.07,800,1300,10
12563508,41.033793,28.902245,199.02,900,1200,10
12569319,41.007322,28.953585,11.8,800,1200,15
12519219,41.118701,29.008087,49.63,700,1300,10
12556475,41.129409,28.623075,727.75,600,1100,30
12562087,41.011108,28.696057,24.42,600,1600,15
12560318,40.976501,28.732723,40.05,700,1200,7
12537119,41.017346,28.841755,11.13,800,1300,10
12594067,41.184187,28.742913,30.58,600,1600,15
12532594,41.048508,28.859964,82.5,900,1200,15
12556370,41.043045,28.653846,38,600,1800,20
12555150,41.026581,28.663441,5060.48,700,1200,5
12584328,41.164124,29.04979,41.96,900,1000,5
12568448,41.04341,29.006121,187.81,800,1200,15
12515294,41.064608,28.960126,1007.73,700,1300,5
12535037,41.064296,28.713273,37.5,600,1600,15
12548074,41.013859,28.678063,55.11,600,1600,15
12539794,41.055283,28.91545,45.38,600,1600,10
12593108,41.103556,28.859705,36.98,800,1300,10
12591259,41.096821,28.772318,74.49,800,1200,20
12591410,41.07367,28.777812,64.35,1000,1300,15
12554188,41.025619,28.626701,67.5,800,1300,15
12509145,41.097913,28.879822,69.88,1200,1600,10
12588068,41.110071,28.639168,23.75,800,1200,30
12508185,41.060241,28.966932,500,800,1000,20
12539567,41.058323,28.913457,661.52,800,930,15
12545668,41.004048,28.841409,29.75,600,1600,10
12588311,41.003134,28.642962,11.74,900,1300,10
12564243,41.077248,29.043047,121.5,600,1600,10
12588287,41.000015,28.68568,5.2,700,1200,10
12557700,41.03611,28.64596,4.8,800,1300,10
12566338,41.100019,28.999872,55,700,1600,5
12562095,41.003205,28.688323,124.4,900,1600,15
12559435,40.985041,28.840957,44.55,800,1600,15
12585176,40.978717,28.877383,74.03,800,1200,20
12532507,41.040658,28.864552,1890.5,900,1600,30
12520758,41.082857,29.002104,72.51,700,1300,10
12510630,41.132444,28.479338,53.66,700,1300,10
12558269,40.995341,28.909735,80,800,1000,20
12563628,41.077533,28.92988,6.2,800,1700,5
12536048,41.036856,28.782097,99.15,700,900,15
12569394,41.018079,28.968726,38.94,800,1100,15
12533152,41.011021,28.855509,76.4,800,1600,15
12556575,41.073682,28.683788,128.35,800,1000,10
12556516,41.078769,28.752251,80.1,1300,1600,15
12508330,41.051066,29.025444,100.48,1200,1400,5
12539823,41.050553,28.861697,81.89,600,1000,15
12539763,41.061992,28.910917,35.05,600,1600,15
12588321,41.005541,28.661735,88,700,1200,5
12515338,41.081614,28.973339,26.95,900,1200,15
12563606,41.054361,28.90438,32.03,600,1600,15
12594058,41.092999,28.738976,40.8,600,1600,15
12576058,41.078903,28.998478,179.14,800,1100,15
12532513,41.043762,28.838191,27.05,600,1600,15
12566213,41.075927,29.011133,9.3,800,1200,25
12556552,41.057943,28.673111,128.3,900,1600,10
12537140,41.011663,28.814565,84.5,600,1600,10
12567221,41.035824,28.987185,126.38,630,1000,10
12542080,41.003687,28.931481,20.24,700,1200,15
12515351,41.085785,28.971487,43.27,700,1300,10
12508136,41.067444,28.996353,20,700,1000,10
12562076,41.032151,28.705606,110.78,700,1300,15
12567345,41.042088,28.966707,11.67,1000,1400,20
12536010,41.037184,28.769018,1489.03,600,1600,15
12545768,40.995839,28.850112,96.96,700,900,30
12564498,41.073285,29.02885,72.48,800,1300,15
12559643,40.978411,28.873446,107.18,700,1200,15
12562069,40.998456,28.701065,310.35,800,1200,15
12509086,41.183937,28.752566,25.2,700,1400,15
12560308,40.971827,28.722298,13.75,900,1300,10
12501860,41.071406,28.981678,24.29,900,1200,10
12594013,41.099858,28.739398,20.22,800,1200,40
12561487,41.002649,28.542363,34.33,800,1300,10
12559517,40.980368,28.874184,105.8,1200,1600,10
12536104,41.030812,28.768109,15.6,900,1200,15
12567445,41.035885,28.982795,4,600,1600,10
12583051,41.052781,28.962678,80.91,900,1200,15
12570140,41.067707,28.998657,11.88,800,1300,10
12542072,41.014236,28.933014,66.12,700,1200,15
12591301,41.096604,28.792515,290.48,600,1600,20
12579355,41.042733,28.998984,40.91,600,1600,15
12557673,41.06095,28.65395,453,800,1200,15
12504243,41.015924,28.883331,25.1,600,1600,5
12561570,41.026358,28.559838,1455.3,600,1600,15
12585399,41.002676,28.814878,26.41,700,1000,15
12534073,41.079767,28.906857,9.6,600,1600,15
12558062,40.975301,28.849969,375,700,1200,15
12509242,41.025217,28.891803,84.06,600,1600,10
12570133,41.063947,29.001497,49.83,800,1300,10
12532645,41.050711,28.855029,33.32,600,1600,15
12503030,41.060714,28.987081,816.21,700,800,10
12588304,41.011597,28.645611,64.67,700,1200,5
12583443,40.981616,28.792879,53.6,700,1300,15
12594116,41.126787,28.774546,125.46,1200,1600,15
12567492,41.034508,28.979974,296.96,900,1200,10
12566309,41.100517,28.991172,40.13,600,1600,10
12584333,41.16807,29.057106,29.63,700,1200,5
12532633,41.035223,28.85857,144.07,900,1200,15
12557520,41.01564,28.645542,46.48,900,1200,20
12588263,40.999977,28.653916,63.25,600,1600,15
12579331,41.054068,28.981948,131.87,800,900,5
12519211,41.113164,29.030781,77.74,600,1600,15
12537154,41.015494,28.878062,28.8,800,1300,20
12559406,40.977695,28.870912,127.5,900,1200,20
12554096,41.001682,28.62869,97.85,600,1600,15
12532641,41.049108,28.857695,16.28,900,1300,15
12548059,41.039992,28.661718,112.53,900,1300,15
12534091,41.080912,28.876955,52.2,600,1600,15
12556561,41.066001,28.693622,143.75,800,1400,15
12583436,40.985153,28.790979,17.33,1000,1400,10
12533154,41.001187,28.862453,23.6,800,1300,15
12570186,41.070096,29.001642,89.71,700,1300,10
12569241,41.016927,28.931241,9.6,700,1200,5
12588056,41.064424,28.699726,107.91,800,1200,30
12519192,41.117254,29.009314,241.9,800,1300,15
12545763,41.004698,28.841575,117.99,700,1300,15
12556482,41.063352,28.685818,115.5,930,1600,15
12539826,41.04196,28.860756,23.93,700,1400,15
12541122,41.075983,28.946131,69.77,900,1200,15
12583300,40.974683,28.796767,15.29,700,1600,10
12568447,41.042753,29.010848,71.29,800,1700,20
12545409,41.009303,28.86155,270.63,600,1300,15
12578124,41.099556,28.998078,73.67,900,1500,30
12537168,41.018027,28.845247,45.4,800,1000,45
12593141,41.097897,28.908046,9.6,600,1600,10
12560087,41.030064,28.680965,53.41,800,1200,20
12594128,41.101806,28.762302,98.49,1200,1600,15
12559649,40.984707,28.847908,24.24,600,1600,15
12568548,41.043206,29.004014,105.33,600,1600,10
12568416,41.04384,29.004331,18,800,2200,15
12585169,40.997642,28.770061,41.55,900,1600,25
12563465,41.036523,28.909704,21.27,900,1600,20
12541098,41.075942,28.923083,10.62,800,1000,10
12515303,41.192796,28.903436,78.33,700,1200,5
12508344,41.057717,28.98499,35.99,600,1600,10
12579401,41.046046,28.978996,31.35,1100,1200,10
12558103,40.991739,28.898633,67.89,800,1200,30
12520760,41.078531,29.010831,1.5,600,1600,15
12556642,41.165366,28.607917,66.6,700,1000,30
12585283,40.997342,28.792191,42.12,900,1600,25
12520638,41.085986,29.009667,54.4,800,1600,10
12509341,41.053462,28.872392,46.91,1000,1600,30
12591403,41.07251,28.797561,1957,900,1100,15
12563647,41.03953,28.920318,56.25,600,1600,10
12566472,41.094324,28.98717,50.4,800,1300,10
12519155,41.114897,29.013691,186.03,700,1200,5
12584373,41.049069,29.027056,26.55,700,1300,10
12563601,41.047563,28.932842,16.82,600,1600,10
12592158,41.067119,28.897559,62.66,900,1200,30
12555075,41.017425,28.644002,10.62,800,1000,10
12550180,41.095176,28.216156,40,800,1200,15
12541118,41.068159,28.93957,23.68,800,1200,15
12563538,41.042021,28.919073,51.93,600,1600,10
12579393,41.056402,28.993287,52.14,600,1600,10
12576391,41.01208,28.940074,209.22,700,1500,15
12503455,41.079678,29.006583,33.62,600,1600,10
12561516,41.009933,28.528788,29.24,800,1200,10
12567461,41.033508,28.977401,23.9,800,1000,5
12585240,41.045478,28.782726,54.57,900,1600,10
12564219,41.078161,29.025979,88.8,700,1800,15
12548091,41.018429,28.662332,69.34,900,1300,10
12549051,40.986597,28.669655,262.43,600,1600,10
12554087,41.028682,28.623085,26.78,700,1300,15
12508364,41.068484,28.99242,26.59,700,1300,10
12584127,41.198871,29.021544,47.2,900,1300,5
12566482,41.092578,28.994066,1.8,800,1000,15
12519187,41.110229,29.024798,10,600,1600,15
12558107,41.009753,28.914743,94.07,1200,1600,5
12515285,41.092423,28.970112,312.05,700,1200,5
12566501,41.090638,29.005001,112.66,700,1300,10
12588289,41.003987,28.642808,10,800,1400,15
12508333,41.066827,28.996879,13.74,800,1300,15
12563702,41.037648,28.932613,26.55,900,1200,20
12561568,41.00366,28.532564,13.14,800,1300,15
12558198,40.975342,28.875187,307.6,600,1600,15
12588284,41.011738,28.644041,65.05,900,1400,10
12564513,41.075589,29.019303,115.05,700,1300,10
12566510,41.098363,28.996555,31.83,700,1300,10
12560226,40.989241,28.712108,162.42,800,1700,20
12563694,41.037086,28.912225,97.41,800,1300,15
12589070,41.063303,28.679122,31.08,850,1300,15
12509475,41.056457,28.850353,38.42,1000,1400,15
12509367,41.045905,28.895986,12,600,1600,10
12537133,41.020735,28.836291,151.5,600,1600,5
12558235,41.007555,28.905214,16,600,1200,15
12539810,41.049446,28.921002,168.6,1000,1200,5
12583344,40.978176,28.819735,58.02,800,1600,15
12593203,41.102977,28.862106,36.93,800,1200,15
12560228,40.986848,28.719534,391.6,700,1300,15
12541076,41.086443,28.914001,41.36,600,1600,15
12579190,41.048931,28.99664,22.12,1000,1200,15
12576344,41.021742,28.948936,52.92,800,1500,15
12541092,41.058464,28.927005,32.8,900,1100,5
12504289,41.037421,28.882743,271.56,800,1600,10
12568609,41.045195,29.003197,50.7,800,1300,10
12541073,41.037493,28.934076,30,1000,1200,10
12556662,41.058251,28.668695,10,1000,1300,10
12519152,41.117238,29.009314,14.16,700,1200,5
12549441,40.991802,28.627037,27.44,700,1200,5
12532576,41.054748,28.826066,501.4,700,900,15
12504188,41.051209,28.866148,267.5,630,1300,10
12593016,41.100424,28.868401,67.63,600,1400,15
12564245,41.085406,29.046856,10.62,800,1700,10
12563461,41.047714,28.922024,52.05,600,800,10
12562154,41.004138,28.690532,63.1,800,1200,10
12539813,41.035284,28.881297,93.75,600,1300,15
12548128,41.03403,28.651077,56.71,900,1300,10
12533146,41.001973,28.873721,24.77,800,1200,15
12519046,41.09661,29.053308,93.67,600,1600,10
12559650,40.990775,28.830775,31.5,800,1600,15
12539590,41.076266,28.901449,79.93,1300,1600,11
12561242,41.01661,28.631677,50.5,600,1000,25
12539599,41.066134,28.905173,64.58,600,1600,10
12591233,41.106785,28.787229,106.54,1300,1600,10
12535094,41.063241,28.685602,99.9,800,1600,5
12570184,41.078266,29.008847,63.3,700,1300,10
12592321,41.059444,28.795675,64.19,700,900,20
12556183,41.076814,28.652058,96.67,600,900,15
12501875,41.063952,28.967359,11.6,600,700,15
12591127,41.034644,28.765058,163.01,800,1200,25
12562170,41.004698,28.684893,72.4,800,1500,15
12568622,41.061663,29.012554,15,700,1300,10
12564476,41.071672,29.02549,35.4,700,1200,5
12569386,41.016474,28.973329,193.59,900,1200,15
12519180,41.114102,29.022499,31.48,800,1300,10
12566337,41.098579,28.989576,378.33,600,1500,20
12558240,40.995387,28.909849,13.8,600,1600,15
12561541,41.004254,28.545409,22.05,900,1300,10
12563514,41.020527,28.911769,137.13,600,1500,20
12568131,41.049442,29.006351,28.67,800,1000,5
12509357,41.065116,28.837396,13.5,600,1600,10
12533057,40.998649,28.873488,17.7,600,1600,10
12503189,41.06615,29.006994,25.33,900,1200,10
12560261,40.989226,28.711745,174.53,800,1200,10
12538215,41.058547,28.826502,1658.01,600,1600,15
12515325,41.17768,28.889635,46.63,1000,1300,15
12501016,41.057344,28.968705,11.66,809,1000,20
12561437,41.075568,28.250101,9.6,1000,1300,15
12515158,41.068804,28.973973,44,900,1200,10
12578191,41.185243,28.886833,1245.75,700,1000,30
12579379,41.053769,28.987278,89.1,909,1300,15
12584297,41.124267,29.054229,128.66,700,1200,5
12585166,41.002828,28.781858,43.83,900,1600,30
12539421,41.037085,28.936025,26.4,800,1000,10
12561293,41.044722,28.630151,12,700,1100,15
12560321,40.991457,28.711829,73.27,900,1400,10
12532308,41.048078,28.811291,271.96,1000,1600,15
12533166,41.001573,28.86295,36.45,800,1300,15
12520759,41.085759,29.002565,7.27,700,1300,10
12563125,41.062308,28.897824,96.73,600,1600,10
12555012,41.017146,28.651443,46,600,1200,10
12593125,41.10652,28.860472,66.76,600,1200,10
12557609,41.034087,28.622778,154.5,730,1100,15
12533116,40.995938,28.862056,1554.85,600,1600,10
12583417,40.990792,28.797959,496.65,600,1600,15
12504322,41.005317,28.888878,21.24,900,1100,15
12566097,41.093163,29.004046,47.5,700,1400,10
12504274,41.038292,28.877192,41.18,1100,1600,10
12578223,41.208025,28.706374,235.51,700,1200,15
12561455,41.074627,28.247662,35.08,800,1400,15
12594054,41.107038,28.787315,20,600,1600,15
12579389,41.052436,28.992872,29.5,1000,1300,15
12583198,41.014151,28.857071,72.64,1000,1500,35
12578144,41.07905,29.000053,43.63,800,1100,45
12566370,41.090505,29.003622,315.77,700,1000,45
12541130,41.074817,28.920695,27.26,600,1600,15
12588070,41.022023,28.688572,25.61,1000,1100,20
12562162,41.01525,28.702322,44.73,700,1200,10
12554073,41.018781,28.58727,253.08,800,1200,15
12509491,41.045657,28.904983,37.47,600,1600,15
12583386,40.979776,28.792621,29.33,600,1600,15
12548117,41.030227,28.668907,12.98,1000,1300,10
12557584,41.032921,28.677438,50.68,600,1600,10
12520763,41.079313,29.005136,8.53,700,1300,10
12533150,41.00706,28.87417,26.83,800,1300,15
12532132,41.05287,28.861492,72.13,700,1600,10
12538294,41.049269,28.811995,25,800,1000,45
12579356,41.046408,28.995861,7.92,900,1100,10
12537014,41.024089,28.857446,109.8,600,1600,15
12558204,41.000781,28.907223,24.35,600,1600,15
12578017,41.078606,29.003781,17,800,1200,15
12533013,41.131947,29.040842,45.11,1100,1600,15
12503319,41.038327,28.810015,526.5,700,1000,15
12539613,41.074994,28.94733,4.2,600,1600,15
12557528,41.001755,28.694441,4892.93,530,700,75
12548131,41.031553,28.68083,117.22,800,1300,15
12533037,41.001069,28.870876,13.07,600,1600,10
12535179,41.062102,28.710114,51,1000,1400,15
12584025,41.062197,28.9894,96.02,850,1100,40
12503396,41.077459,29.013455,90,700,1000,20
12531104,41.010912,28.942521,194.57,900,1200,12
12593137,41.105951,28.871313,10.62,600,1600,15
12535057,41.06371,28.715828,27.1,800,1600,9
12561519,41.025791,28.60084,30.89,700,1200,10
12515328,41.177705,28.887018,16.95,1100,1400,10
12509476,41.05114,28.87529,10,900,1300,15
12550158,41.062944,28.334027,137.13,700,1200,15
12539830,41.028384,28.881907,55.75,800,1300,15
12563704,41.047027,28.933142,77.88,700,1300,10
12509453,41.043359,28.880305,205.52,800,1300,15
12584331,41.207158,29.022253,15.84,1000,1100,5
12538241,41.034878,28.84178,29.83,600,1600,10
12549558,40.976346,28.638043,45.78,1000,1300,10
12549028,40.996761,28.647632,57.29,800,1400,15
12579136,40.9948,28.90033,55.58,800,1200,10
12557634,41.045052,28.662432,134.99,900,1300,15
12535079,41.066653,28.662822,81.67,800,1600,8
12579135,41.007522,28.905266,70.27,800,1200,10
12520693,41.076024,29.017099,88.59,700,1200,5
12554158,41.002453,28.632195,11.4,1000,1300,10
12559555,40.992104,28.884997,35.47,800,1600,15
12508308,41.067297,28.991218,16.52,800,1000,5
12576079,41.052442,28.984867,189.75,700,1100,15
12509493,41.066382,28.89478,48.87,1100,1500,15
12533143,40.992725,28.842913,15.73,900,1200,15
12564285,41.077084,29.027432,175.65,700,1200,5
12533135,40.995272,28.847197,18,900,1300,10
12579249,41.049353,28.991291,12.6,700,1000,10
12567368,41.031543,28.976109,157.65,900,1000,15
12560025,40.991075,28.713661,35,800,900,15
12563621,41.033919,28.917338,14.4,600,1600,15
12567378,41.033904,28.978839,94.99,800,1000,20
12515045,41.068845,28.973935,51.74,800,1200,8
12520743,41.101295,28.980095,75,600,1600,15
12508340,41.063723,28.998478,185.4,800,1200,15
12520653,41.084952,29.004322,83.14,800,1300,15
12503341,41.078669,29.010267,16.54,800,1100,15
12564119,41.085383,29.046279,200.42,800,1300,5
12563627,41.033733,28.900985,43.23,1000,1800,15
12532496,41.048521,28.859807,41.87,800,1600,15
12538163,41.019638,28.822358,9.13,900,1600,10
12592370,41.042418,28.804141,69.4,700,900,15
12542077,41.004755,28.931549,15.9,700,1200,15
12569384,41.014305,28.974822,46.43,600,1000,15
12534081,41.080874,28.893856,105,600,900,15
12559744,40.983543,28.876741,46.96,1100,1400,15
12538073,41.040014,28.831129,11.08,700,1600,15
12576353,41.015937,28.931424,38.17,800,1200,15
12594043,41.100302,28.790172,46.46,800,1400,15
12576086,41.042919,28.986708,67.33,1000,1300,10
12591103,41.197708,28.727272,36.17,800,1200,25
12519193,41.165429,29.038514,54,1000,1200,30
12556564,41.058112,28.668385,87.3,900,1400,10
12561192,40.999247,28.6975,43.5,800,1100,15
12519174,41.107037,29.057282,10.67,900,1100,15
12538046,41.012479,28.820057,91.7,600,1300,20
12539754,41.053846,28.910262,10.62,600,1600,10
12592280,41.044793,28.778944,218.33,600,1600,20
12585149,40.992422,28.78245,75.29,900,1600,30
12539751,41.084749,28.927816,248.77,600,1300,10
12555136,41.017469,28.641916,29.4,900,1200,10
12519145,41.115061,29.02445,221.81,700,1200,5
12559634,40.982263,28.86014,37.85,700,1500,15
12576059,41.13745,29.037775,126.91,800,1300,15
12562086,41.024059,28.698385,33.35,600,1600,15
12519190,41.1139,29.023315,129.69,800,1300,15
12593091,41.087915,28.89076,82.22,1200,1600,15
12594027,41.183498,28.741596,43.98,800,1200,20
12560219,40.989598,28.721307,209.43,900,1100,15
12560232,40.981246,28.714339,76.57,700,1300,15
12519205,41.109574,29.020586,44.08,700,1300,15
12534053,41.073143,28.913655,58.4,600,1600,15
12563548,41.05128,28.92766,104,830,1200,10
12564124,41.069206,29.005713,67.4,800,1130,15
12556643,41.129853,28.625729,36.44,700,1000,30
12564268,41.080483,29.034092,18.25,600,1600,15
12538216,41.030728,28.827218,74.32,800,1000,15
12585145,40.975072,28.718072,80.43,1100,1200,25
12570135,41.069052,29.009439,19.99,800,1300,10
12576318,41.021372,28.952746,32.2,700,1200,10
12535058,41.063961,28.712145,18.08,800,1400,10
12559732,40.989427,28.861219,53.25,800,1300,15
12579236,41.073353,28.89145,212.21,800,1200,15
12592316,41.055875,28.792602,215.04,600,1600,10
12568457,41.043122,29.006544,592.79,800,1000,10
12592338,41.049982,28.774611,20,600,1600,10
12588213,41.012256,28.642988,8.8,1000,1100,10
12579337,41.051653,28.987209,47.27,800,1000,5
12583191,41.010803,28.84159,56.3,900,1500,35
12566187,41.085206,29.011228,1263,600,1100,45
12533122,41.002147,28.851838,68.56,700,1200,5
12509464,41.055875,28.874354,39.82,600,1600,15
12593204,41.090124,28.896978,386,600,1600,15
12588052,41.063306,28.683214,88.17,800,1200,30
12561545,41.015669,28.531732,60.9,800,1000,10
12559696,40.992216,28.83248,409.6,700,1300,15
12536107,41.039688,28.770123,20.07,900,1400,15
12538262,41.030334,28.827672,178.03,900,1100,15
12583452,40.959165,28.822744,54,800,1300,15
12594120,41.073824,28.765427,64,700,1200,5
12533151,41.006188,28.844889,97.16,800,1300,15
12570081,41.07667,28.992928,72.05,600,1600,10
12584033,41.180227,28.893771,67.09,800,1200,15
12562080,41.015643,28.680619,28.13,700,1300,15
12563701,41.044861,28.930916,75.53,700,1400,15
12576317,41.01267,28.925859,84.02,800,1200,20
12534089,41.081769,28.893281,781.9,600,900,20
12504338,41.020323,28.900833,37.5,700,1300,15
12520581,41.096769,29.019222,137.65,700,1400,10
12583448,40.959884,28.824918,40,800,1300,15
12591346,41.088141,28.805057,283.5,700,900,15
12592194,41.103629,28.897334,75.15,830,1400,35
12537046,41.00601,28.870769,193.1,600,1600,15
12569390,41.0083,28.97208,10.62,700,1300,15
12536100,41.045349,28.799266,66.11,700,1400,15
12594115,41.106455,28.755083,35.02,700,1200,5
12579354,41.055155,28.964203,35.17,600,1600,10
12559345,40.961178,28.833169,56.52,800,1400,10
12545732,40.999259,28.827054,47.3,700,900,15
12563666,41.034568,28.913053,79.72,800,1000,15
12556670,41.089246,28.643128,181.75,700,1200,5
12584115,41.173195,29.051349,60.05,800,1500,20
12515329,41.086438,28.982036,119.54,800,1000,45
12579180,41.040584,28.986069,22.68,800,1000,15
12561520,41.023401,28.581683,192.68,1000,1300,15
12585290,40.989957,28.778725,70.36,900,1600,25
12578311,41.093686,28.969282,144.64,800,1600,30
12504341,41.016243,28.890164,27.6,800,1300,15
12515292,41.093048,28.968694,65.28,700,1200,5
12579199,41.051098,28.986202,132.59,800,1200,10
12576240,41.027797,28.932999,108.33,700,1200,20
12508348,41.06474,28.993132,84.75,700,1300,15
12594145,41.119547,28.798313,198.05,700,900,15
12541133,41.058987,28.9151,17.8,1000,1200,10
12501874,41.031298,28.965047,327.2,600,1600,15
12538071,41.027774,28.822997,87.48,700,1600,15
12537051,41.036599,28.835225,64.6,1200,1400,15
12589072,41.078534,28.670769,29.7,850,1300,15
12535006,41.055805,28.757728,79.28,800,1200,10
12592328,41.047803,28.799554,39.45,700,900,15
12509489,41.065614,28.886728,56.67,1000,1500,15
12579148,41.048369,28.99307,77.6,700,1100,15
12520165,41.120519,29.049568,11,750,1200,15
12576307,41.02387,28.948403,11.94,800,1400,30
12594096,41.106031,28.78715,318.84,800,1600,5
12588262,41.005476,28.638734,137.68,600,1600,20
12549026,41.009259,28.640079,78.11,900,1400,15
12563563,41.045827,28.905498,61.89,830,1600,20
12578366,41.107454,28.986648,145.4,700,1200,5
12504032,41.040272,28.881494,347.28,600,1600,10
12588062,41.016239,28.654489,83.32,900,1200,20
12541126,41.076232,28.942567,26.04,600,1600,15
12538147,41.031498,28.824812,54,630,1600,15
12501008,41.079706,29.006897,18.59,800,1000,5
12558156,40.99592,28.909493,184.75,800,1600,15
12509495,41.051986,28.892586,120,600,1600,15
12583455,40.973094,28.80435,27,800,1300,15
12515163,41.084009,28.987083,36.14,830,1400,25
12520708,41.078269,29.012352,119.58,700,1200,5
12560032,41.005913,28.667034,68.4,800,1400,15
12515281,41.180386,28.894031,50.18,600,1600,10
12570128,41.056978,28.994919,41.91,800,1000,5
12594127,41.098829,28.767146,20.3,900,1200,15
12566459,41.107708,28.99969,11.88,700,1200,5
12585173,40.983614,28.707373,25.82,1030,1130,20
12556294,41.072331,28.622732,27.33,600,1100,15
12592017,41.137663,29.053458,156.2,800,1300,15
12545669,41.011568,28.842169,26.35,600,1600,10
12585406,40.992866,28.787895,38.32,1200,1600,15
12567401,41.030744,28.975804,23.9,700,1000,10
12568586,41.041823,29.007036,52.83,1000,1200,5
12519216,41.110007,29.03242,1,600,1600,15
12548079,41.045706,28.663982,40,800,1600,8
12561536,41.02172,28.579659,57.62,900,1300,10
12533084,40.992525,28.845546,43.37,900,1600,5
12556664,41.060816,28.676555,14.16,900,1200,10
12515246,41.077433,28.97102,25.79,600,1600,15
12539422,41.023782,28.909997,64,600,1000,10
12559631,40.97931,28.874261,282.55,600,1600,15
12555125,41.020512,28.635181,14.5,800,1200,15
12541136,41.064014,28.909817,13.5,900,1100,5
12545653,41.000857,28.834353,87.7,600,1600,10
12579367,41.055176,28.99098,48.99,800,1400,10
12564497,41.092669,29.037043,64.2,1000,1400,10
12558230,40.995857,28.899156,40.76,600,1600,10
12539803,41.035244,28.922872,7.33,800,1000,5
12545641,41.009514,28.818531,41.76,900,1500,35
12545676,41.010157,28.843736,51,600,1600,15
12537003,41.008997,28.841575,107.29,900,1500,35
12564478,41.076812,29.027027,6,1000,1200,6
12536068,41.023427,28.792076,161.61,900,1100,15
12566486,41.116935,29.002711,270.65,600,1600,15
12545441,41.035444,28.827314,149.63,900,1600,15
12560120,40.99699,28.717673,194.4,700,800,20
12532526,41.059665,28.831509,21.6,700,1600,15
12569344,41.008254,28.976324,31.25,700,1200,15
12537145,41.022165,28.857664,211.69,800,1000,15
12566513,41.093874,28.997902,220,700,1300,10
12579292,41.070787,29.010484,14.16,800,1000,10
12533124,40.995509,28.862591,10.2,600,1600,15
12519040,41.103969,29.047224,30.11,600,1600,5
12554153,41.018488,28.628278,3,1000,1400,15
12508328,41.062671,28.993228,18,800,900,15
12593022,41.089838,28.883364,101.5,900,1400,10
12594022,41.184712,28.741648,12.25,700,1200,15
12594041,41.109653,28.789278,148.01,1300,1600,20
12532642,41.031857,28.843616,23.49,1000,1300,15
12549016,40.985642,28.660374,37.36,900,1030,10
12541051,41.075929,28.92301,29.1,800,1000,15
12532650,41.029955,28.838096,34.7,900,1200,15
12566490,41.097614,28.986452,119,700,1200,10
12559520,40.980868,28.875963,74.33,700,1000,20
12548010,41.024003,28.686174,43.66,800,930,15
12548118,41.018398,28.665059,99.15,900,1300,10
12584382,41.179873,29.046446,6,700,1300,10
12554033,41.003347,28.632161,25.17,900,1030,20
12503113,41.071283,29.027967,42.37,900,1300,15
12504094,41.009445,28.878054,289.75,600,1200,15
12558108,41.010577,28.938164,106.52,1100,1600,10
12568524,41.055749,29.034573,31.5,800,1700,10
12588073,40.996661,28.618589,92.47,1000,1200,15
12561508,41.014009,28.548014,15.75,800,1200,10
12593196,41.108277,28.858056,216,600,1600,15
12579204,41.051196,28.990256,75.9,800,1200,15
12519109,41.127367,29.047355,21.06,600,1600,15
12510629,41.132672,28.479196,108.7,700,1300,10
12508228,41.065665,28.995084,157.22,700,900,20
12585319,40.997968,28.79227,6.75,1200,1700,20
12531126,41.0001,28.9015,45.64,800,1200,15
12538181,41.029983,28.832843,25.48,700,900,15
12535027,41.064241,28.711025,93.71,800,1000,10
12532060,41.016095,28.861769,29.87,600,1600,15
12557663,41.057748,28.627601,199.67,800,1600,20
12579266,41.045948,28.994417,40.2,700,1200,5
12585013,41.113469,28.996942,240.96,900,1500,5
12576055,41.071114,28.998481,168.65,800,1200,15
12584242,41.17668,29.054416,29.6,700,1600,15
12585328,40.989792,28.780103,10.62,800,1700,10
12504299,41.039495,28.881952,82.97,600,1600,5
12559660,40.97777,28.871382,121.73,700,1600,15
12501867,41.057996,28.966011,99.17,900,1500,15
12562176,41.0004,28.718222,311,600,1000,15
12548067,41.018526,28.662436,64.12,800,1600,5
12559706,40.986623,28.839078,16.24,1000,1300,15
12520686,41.091351,29.010343,23.52,600,1600,15
12564299,41.068522,29.017355,169.95,700,1200,5
12555036,41.017081,28.645713,107.35,900,1600,15
12537101,41.014846,28.823591,22.85,600,1600,15
12569380,41.008233,28.976327,38.75,800,1300,10
12557541,41.018764,28.696163,113.2,630,1800,15
12556555,41.165744,28.592247,60.67,700,1200,10
12510646,41.07424,28.245323,31.13,900,1300,10
12509433,41.060814,28.851041,57.67,800,1600,5
12564308,41.085155,29.04509,50.81,600,1600,10
12555153,41.025911,28.640256,33.48,800,1300,15
12504178,41.01549,28.878465,202.7,600,1600,5
12533111,41.00253,28.859906,150.29,800,1600,5
12509294,41.066335,28.894809,76.92,1100,1600,10
12570124,41.064962,29.007801,46.8,1000,1100,15
12583424,40.959416,28.823307,87.3,600,1600,15
12583182,41.03055,28.91844,27828.55,800,1230,30
12541054,41.077746,28.947017,47.19,530,1430,5
12569365,41.01086,28.959194,83.25,700,1000,10
12576414,41.018495,28.951702,49.32,800,1200,10
12537178,41.002444,28.817396,76.33,700,1300,15
12504315,41.014805,28.896618,131.32,600,1600,5
12537134,41.019416,28.837049,80.93,600,1600,10
12550160,41.050137,28.417435,14.36,900,1300,10
12593209,41.086781,28.902522,33.75,1000,1300,15
12562133,41.004337,28.688711,23.7,900,1300,15
12558291,40.99534,28.909737,56.13,800,1000,30
12532212,41.050966,28.839042,72.35,700,1600,10
12592326,41.046032,28.788428,584,600,1600,10
12592314,41.05081,28.778754,65.14,1200,1600,15
12557691,41.078432,28.630734,48.92,900,1300,10
12508275,41.063347,28.992514,25.96,800,1000,10
12519125,41.180418,28.882762,115.45,700,1200,5
12594085,41.088231,28.651552,52.58,600,1600,15
12536047,41.036274,28.774684,48.45,700,900,15
12591200,41.062543,28.807697,8.7,800,1500,10
12593165,41.101093,28.869417,52.01,600,1600,15
12583358,40.958756,28.823436,45,800,1200,15
12561168,40.988281,28.667056,94.79,800,1000,15
12559741,40.975881,28.875278,87.72,800,1000,20
12577168,41.081171,28.894333,371.15,600,800,10
12536106,41.010834,28.782076,19.48,600,1600,15
12568325,41.053464,28.995142,5,1000,1600,5
12592004,41.184844,29.042022,99.18,800,1300,15
12515066,41.048393,28.942747,122,600,1200,15
12515343,41.081932,28.96311,43.27,1100,1400,15
12539755,41.060889,28.913807,238.71,600,1600,10
12534084,41.080867,28.893908,33,600,900,15
12542073,40.997347,28.924077,52.74,600,1600,15
12520528,41.140397,29.047164,25.5,700,1400,15
12558285,40.995024,28.925537,83.46,600,1600,15
12584010,41.067242,28.994475,38.28,700,1100,30
12579350,41.051294,28.983289,75.35,1000,1200,5
12536105,41.023362,28.772855,82.45,700,900,15
12532130,41.033786,28.863831,94.35,700,1600,15
12532634,41.048626,28.839283,57.8,700,900,15
12556659,41.055447,28.67174,89.44,900,1300,10
12541115,41.062246,28.929001,161.91,900,1400,15
12556634,41.060697,28.676827,117.98,900,1200,15
12576377,41.015069,28.95111,21.16,600,1600,15
12556462,41.058191,28.66833,45.9,900,1600,25
12533069,41.008679,28.859432,6.3,600,1600,15
12515347,41.090398,28.970941,79,900,1200,15
12509222,41.053369,28.890245,122.45,600,1600,15
12592200,41.061314,28.788718,59.55,900,1600,15
12536110,41.029531,28.768027,81.06,800,1400,15
12558181,41.005598,28.923097,459,800,1200,15
12588324,41.012434,28.643203,86.1,800,1300,15
12548137,41.013701,28.678151,148.75,900,1200,15
12563299,41.044266,28.896095,25.5,800,1600,5
12559700,40.992242,28.832478,93.87,700,1300,15
12592378,41.028935,28.809411,46.67,700,1300,30
12568480,41.043581,29.003594,25.95,1100,1200,15
12535036,41.088567,28.65263,618.5,600,1600,15
12566493,41.106301,28.997759,87.25,700,1300,10
12532121,41.040474,28.881446,140.84,1000,1500,20
12588090,41.003,28.6433,51.33,900,1000,20
12523010,41.0625,28.6892,51.3,1000,1600,15
12538303,41.048309,28.811608,92.79,1000,1400,15
12549039,41.00168,28.673693,20.43,700,1300,15
12591369,41.081225,28.808385,17,900,1100,15
12545757,41.006993,28.831606,82.08,800,1300,15
12583402,40.972919,28.804662,4.6,700,1200,15
12558016,40.981121,28.79493,49.21,800,1600,10
12558101,41.008981,28.93117,57.3,800,1600,5
12570043,41.06576,29.002936,86.1,1200,1400,10
12566228,41.078433,29.011264,9,1000,1200,10
12563645,41.017601,28.911105,316.13,600,1600,15
12567477,41.030713,28.988515,58.01,1000,1200,5
12567514,41.034817,28.980697,65.55,900,1100,10
12568299,41.051725,28.991544,6.98,900,1200,5
12588265,41.0093,28.642742,227.5,600,1600,20
12532407,41.026956,28.8494,35.7,650,1600,10
12588297,41.006266,28.66168,102.5,700,1100,10
12520757,41.079535,29.006488,22.2,700,1300,10
12555115,41.022716,28.634433,75.16,600,1600,15
12585293,41.003915,28.794322,52.22,900,1600,20
12561476,41.075804,28.245124,25.04,600,1600,15
12508243,41.062427,28.989371,211.4,800,1100,15
12591178,41.102154,28.793685,86.53,800,1200,25
12554011,41.053256,28.624181,133,600,1200,15
12515335,41.179978,28.885065,54.45,1000,1200,10
12519071,41.109604,29.020193,156.63,700,1700,10
12532651,41.042167,28.85118,9.09,1100,1500,15
12538097,41.040763,28.813555,45.38,900,1100,20
12501010,41.047687,28.958093,64.22,800,1400,7
12534051,41.098509,28.901354,300.77,800,1000,10
12535178,41.091517,28.646309,18.45,900,1300,15
12588295,40.998608,28.644317,24.78,1000,1300,10
12541124,41.078871,28.961017,30.06,600,1600,15
12584231,41.146538,29.030668,24.65,600,1600,15
12560190,40.980267,28.720161,315.71,1000,1100,15
12591145,41.107408,28.758216,97.84,600,1600,20
12532536,41.028936,28.835344,18.93,800,1400,20
12538283,41.047509,28.809308,114.25,1000,1200,30
12584374,41.124532,29.054159,33.3,700,1300,10
12570041,41.06046,29.010097,6.17,800,1100,5
12570173,41.069595,29.000051,30.4,700,1300,10
12535054,41.063039,28.685935,87.43,800,1600,10
12548111,41.014501,28.666059,14.4,900,1300,15
12545739,40.994564,28.824848,20,1000,1400,15
12558153,41.00598,28.945669,15.39,800,1400,20
12503410,41.078805,28.998765,95.41,900,1100,15
12554103,41.017962,28.59123,43.65,700,1400,15
12060088,41.030161,28.649487,1974,830,1600,30
12567404,41.034322,28.979197,257.3,700,1000,40
12555086,41.01951,28.650512,29.6,600,1600,15
12559708,40.978529,28.875326,252.78,900,1200,15
12588209,41.00671,28.640622,45.57,600,1800,20
12583466,40.965897,28.797705,42.9,1000,1100,30
12570003,41.060946,29.006647,86.63,800,1000,15
12591177,41.056605,28.790081,33.71,900,1600,10
12568630,41.047956,29.006591,10.8,800,1200,10
12533053,41.00182,28.870651,68.8,600,1600,10
12584375,41.160929,29.044276,90.67,700,1300,10
12561552,41.0265,28.557945,254.5,800,1300,10
12539829,41.036597,28.883202,318.6,900,1200,30
12515013,41.159528,28.912239,66.5,800,1150,5
12585160,40.981137,28.874061,73.64,800,1200,30
12567510,41.023073,28.976963,37.1,1000,1200,10
12569288,41.015237,28.975126,209.63,600,1000,10
12592221,41.048096,28.801405,46.59,1200,1600,15
12535121,41.07055,28.694898,22.07,900,1200,15
12567515,41.023868,28.977779,101.1,900,1100,5
12570144,41.068339,29.012279,30,700,1200,5
12591237,41.062208,28.807048,500,900,1600,25
12556574,41.073591,28.683685,149,800,1000,10
12570058,41.061351,29.003888,75,600,1300,10
12564227,41.087076,29.022537,59.25,800,930,15
12585428,41.012905,28.796603,237.5,700,1200,5
12508272,41.065594,28.994875,22.42,800,1000,10
12591131,41.11025,28.7897,29.82,800,1100,15
12566221,41.0906,29.0037,141.6,800,1100,20
12532464,41.043247,28.848231,108.9,900,1600,10
12583190,41.004543,28.85244,35.9,1000,1500,35
12560096,41.050782,28.667905,75,700,1100,15
12539781,41.071142,28.905281,575.9,700,1300,15
12592366,41.031738,28.801958,60.35,700,1000,15
12583189,41.003577,28.855642,56.32,1000,1500,25
12593021,41.093296,28.865532,111.53,830,1200,15
12591107,41.013774,28.786781,53.72,800,1200,40
12557546,41.047263,28.632068,2525,800,1600,40
12556631,41.056314,28.66745,7.25,900,1200,15
12548096,41.045861,28.666563,108.47,700,1300,10
12584379,41.142553,29.029813,26.31,600,1600,15
12554086,41.005567,28.621457,24,700,1300,15
12504324,41.021043,28.880586,11.34,800,1200,15
12567173,41.029703,28.975317,5,600,1000,12
12592358,41.052406,28.806484,4,800,1200,5
12541117,41.071805,28.944597,239.65,1000,1200,30
12504266,41.035414,28.883595,97.75,600,1600,5
12509490,41.069458,28.89833,69.2,900,1300,15
12560282,40.983811,28.718146,40.89,600,1600,10
12504082,41.033461,28.884602,48.6,600,1600,5
12534032,41.0738,28.894395,64.55,600,1600,15
12538192,41.047815,28.809299,14.16,600,1600,10
12561477,41.080934,28.258337,12.29,600,1600,15
12583310,40.960072,28.823631,56.13,900,1600,10
12509445,41.052491,28.875013,39.24,600,1600,15
12537146,41.019237,28.859351,30.43,1200,1600,15
12533016,41.009801,28.875147,15.16,900,1400,30
12554129,41.004191,28.625842,23.94,900,1300,10
12564128,41.077863,29.043903,11.39,1000,1300,10
12504339,41.011682,28.887831,79.38,700,1300,15
12558209,40.9743,28.868216,116,600,1600,15
12594020,41.098014,28.767464,71.09,1300,1600,15
12583431,40.986185,28.832785,79.1,800,1200,10
12562130,40.979176,28.747655,137.18,600,1600,10
12558281,41.004392,28.940235,1362,900,1200,15
12508233,41.061027,28.988056,164.5,800,1200,15
12560329,40.981004,28.721189,20.08,800,1300,15
12559654,40.978914,28.879532,668.75,700,1400,15
12539602,41.058324,28.915788,40.11,830,1400,15
12568590,41.04911,29.002577,17.25,800,1300,10
12520631,41.082915,29.011961,1587.75,600,1100,30
12508351,41.059318,29.00343,53.15,700,1300,10
12561347,41.009815,28.535748,66.24,1000,1100,20
12568509,41.049252,29.027935,45,800,1000,20
12545597,40.997294,28.848403,83.41,1000,1400,30
12556668,41.069647,28.663289,44.85,600,1600,15
12549443,40.978994,28.627627,144,900,1200,15
12556192,41.040441,28.634421,81,600,1400,15
12555109,41.010462,28.664559,206.54,800,1600,8
12532327,41.03787,28.881465,185.8,600,1600,5
12520668,41.076044,29.017514,12.39,600,800,10
12578377,41.161844,28.608598,34.33,900,1300,15
12594132,41.105096,28.759139,81.98,800,1000,15
12567174,41.072344,29.012936,17,700,1000,20
12578338,41.05701,28.819714,173.18,600,1600,10
12557061,41.01071,28.793152,726.13,800,900,40
12509487,41.063783,28.859281,69.15,800,1000,30
12510623,41.032533,28.451485,9.1,900,1300,10
12585172,40.986556,28.712575,59.16,1030,1130,20
12557675,41.094096,28.618657,310.7,700,1200,15
12537150,41.01557,28.878169,8.1,600,1600,15
12559668,40.991362,28.830754,152.65,600,1600,15
12509084,41.194591,28.723179,34.15,700,1400,15
12585408,41.003371,28.79795,318.6,900,1200,15
12556671,41.064698,28.658062,27.16,1000,1300,15
12533159,41.009776,28.880013,260.5,800,1000,20
12578367,41.080847,28.97346,29.75,700,1200,5
12579211,41.054031,28.980985,207.95,900,1200,15
12556451,41.156738,28.611156,76.5,600,1200,20
12520647,41.088707,29.026197,38.4,600,1600,15
12563418,41.038236,28.933246,162,800,1100,30
12541068,41.048055,28.932464,445.32,600,1630,15
12558245,40.998387,28.909763,20.15,600,1600,15
12585229,41.011317,28.798299,51.01,900,1600,25
12559685,40.97808,28.875564,93.56,600,1600,15
12535156,41.057997,28.686032,19.4,900,1300,15
12561485,40.993884,28.537527,9.6,800,1400,10
12537180,41.01098,28.816475,11.85,800,1300,15
12557702,40.993014,28.627083,1646.7,600,1600,15
12588326,41.006193,28.665675,92.59,700,1200,5
12576060,41.129433,29.043217,127.92,800,1300,15
12593206,41.089107,28.87527,17.85,900,1200,15
12558219,40.995864,28.886081,177.5,700,1600,15
12508306,41.069295,28.984247,8,800,900,10
12539812,41.021034,28.867164,79.68,800,1300,15
12583447,40.992454,28.795159,68.25,800,1300,15
12508313,41.06474,28.993386,339.28,800,1000,5
12554095,41.016198,28.627124,131.07,600,1600,10
12520636,41.08686,29.006948,683.8,600,1600,15
12531302,41.007418,28.909344,65.8,800,1600,15
12504361,41.043499,28.875019,42.86,700,1400,15
12563692,41.040038,28.922136,354.5,800,1000,30
12536016,41.034389,28.783501,64.55,600,1600,20
12570142,41.061024,29.007212,24.31,800,1300,10
12592319,41.045688,28.788029,15,600,1600,15
12533134,40.995211,28.842792,66.42,1200,1800,15
12556598,41.059407,28.668859,15.71,800,1600,16
12585170,41.010319,28.785969,12.18,800,1200,15
12588299,40.997186,28.648002,11.1,900,1300,10
12561556,41.011768,28.556023,384.5,700,1200,10
12578194,41.180737,28.893871,41.2,800,1130,5
12549566,40.975368,28.658056,10.5,800,1300,15
12561327,41.013365,28.559685,29,700,800,10
12568599,41.057346,29.000371,28.53,800,1300,15
12594071,41.26512,28.678892,243.33,600,1600,10
12584221,41.177653,28.991185,58.3,1100,1600,5
12515131,41.100826,28.979628,31.98,800,1130,10
12554147,41.00835,28.624608,38.53,900,1200,10
12563653,41.04513,28.907687,14.4,600,1600,15
12567519,41.03378,28.984186,9.77,1100,1200,10
12532643,41.046109,28.853491,52.93,700,1400,15
12585387,40.996053,28.786577,41.18,600,1600,10
12593146,41.107821,28.862505,161.34,800,1600,5
12576078,41.070389,28.976739,25.66,800,900,30
12545487,41.023058,28.815938,25,800,1300,30
12579369,41.052277,28.992909,17.82,800,1000,10
12533041,40.995693,28.862488,251.8,600,1500,10
12591360,41.062786,28.807526,134.16,1000,1200,15
12532591,41.060036,28.836257,21.55,700,900,15
12593190,41.099879,28.880179,36,900,1200,10
12519178,41.113803,29.022206,53.45,800,1300,10
12519185,41.114479,29.0546,279.34,800,1300,10
12510648,41.051918,28.434193,16.69,900,1200,15
12566469,41.116063,28.997984,156.28,700,1200,5
12560331,40.997982,28.699199,38.86,800,1300,15
12533065,41.005723,28.859664,110.45,600,1600,15
12585323,40.987811,28.779394,75.76,800,1700,20
12579090,40.992659,28.846912,93.64,1000,1200,40
12538154,41.020481,28.826951,39,1000,1600,15
12510658,41.043231,28.837832,12,700,1200,5
12536067,41.013641,28.787416,64.83,900,1200,15
12591321,41.073805,28.810585,243,600,1600,15
12562168,41.014827,28.696577,465,700,1200,5
12556296,41.068253,28.659491,82.05,600,1400,15
12583426,40.993707,28.794728,71.84,600,1600,15
12503205,41.065244,28.996008,10.62,700,1100,10
12579345,41.054505,28.98254,51.95,600,1600,10
12539752,41.075909,28.922983,10.62,600,1600,10
12548136,41.043992,28.678251,52.76,800,1300,15
12561284,41.012464,28.556881,105.5,700,800,10
12592312,41.055802,28.793402,96.04,1000,1600,15
12564259,41.072532,29.02797,21.74,600,1600,15
12591413,41.102597,28.783778,79.8,800,1200,15
12591109,41.020651,28.797022,44.75,900,1600,35
12562100,41.0055,28.714575,463.74,800,1300,20
12554091,41.00024,28.618264,51.78,600,1600,10
12548132,41.034499,28.658744,15.48,800,1500,15
12510634,41.154707,28.454512,103.5,700,1300,10
12588298,40.999364,28.664626,112.5,800,1200,10
12532652,41.052911,28.830114,50.74,1200,1600,15
12557699,41.0621,28.637779,216.5,800,1200,10
12584344,41.128003,29.047097,105.33,600,1600,10
12532621,41.053174,28.831061,14.8,900,1200,15
12592368,41.049757,28.774691,70.67,800,1000,15
12545192,41.003622,28.833029,59.63,1200,1400,10
12520373,41.109364,29.021758,100,600,1600,5
12534087,41.080864,28.89391,282.95,600,900,15
12536061,41.00718,28.775676,44.83,700,900,15
12539544,41.075234,28.942371,56.4,630,1600,10
12588328,41.137659,28.464411,47.11,800,1700,15
12535082,41.071526,28.696673,28.52,800,1600,7
12520744,41.081836,29.004882,21.6,700,1300,10
12564467,41.073641,29.017934,81.97,700,1200,5
12592371,41.067286,28.77508,164,800,1000,30
12561514,41.002286,28.542434,45.69,1000,1300,10
12579063,41.01292,28.908184,40.92,700,1500,15
12532013,41.021379,28.866786,20.85,600,1600,5
12591090,41.0111,28.8674,65.21,1000,1500,25
12585148,40.99451,28.778762,33.46,900,1600,30
12592364,41.035671,28.810963,47.5,800,1000,30
12557703,41.05684,28.627049,1504.8,600,1600,15
12579188,41.047173,28.995333,54,800,1100,15
12583218,40.985811,28.783686,38.68,900,1600,35
12535117,41.072249,28.685454,85.8,900,1200,15
12549560,41.038118,28.82044,10.88,800,1000,20
12588138,41.004581,28.626103,19.8,800,1000,10
12568629,41.045885,29.002973,50.04,700,1300,10
12515204,41.072404,28.979691,41.93,830,1600,30
12559621,40.982768,28.872655,114.97,600,1600,15
12538136,41.056399,28.823286,283.75,1000,1600,15
12558250,41.003074,28.914756,59.81,800,1200,10
12559516,40.993892,28.879955,25.81,1200,1600,10
12570095,41.055605,29.003217,57.04,900,1000,9
12585347,41.001146,28.797388,96.25,800,1200,15
12578269,41.118676,29.024849,147.5,600,1100,15
12556563,41.072384,28.689549,238.56,900,1400,10
12594083,41.126997,28.774082,30.95,800,1600,8
12585282,41.002494,28.788021,22.98,900,1600,25
12563511,41.047393,28.906304,67.19,1200,1600,10
12569223,41.031626,28.967039,36.27,800,1200,20
12538259,41.023979,28.814658,17.25,900,1100,20
12569276,41.048598,28.95069,28.64,1000,1300,30
12556661,41.058794,28.668282,85,900,1200,10
12583400,40.978282,28.794373,229.9,700,1200,15
12539435,41.015394,28.907861,186,600,900,10
12508339,41.066867,28.996289,127.15,800,1300,10
12515021,41.157719,28.913956,62.27,800,1150,10
12534060,41.080149,28.894431,427.67,800,1200,15
12588230,40.987393,28.647181,102.53,900,1000,15
12535088,41.081898,28.683798,149.4,600,1600,10
12556609,41.113665,28.639012,25.09,600,1600,15
12519119,41.114788,29.058156,280.53,700,1200,5
12545596,40.994148,28.835434,225.15,600,1600,15
12568351,41.048447,28.995958,55.65,700,1100,5
12561287,41.009397,28.661431,82.93,1000,1600,25
12563691,41.040038,28.922132,71,800,1000,15
12533161,40.995598,28.853922,30.06,800,1300,15
12534005,41.068687,28.895468,80.88,800,1400,15
12566261,41.088411,29.020106,1216.25,700,1300,13
12548138,41.015967,28.673285,15.22,800,1300,15
12519130,41.099354,28.993701,189.52,700,1200,5
12533054,41.009272,28.867242,41.96,600,1600,5
12588168,41.002814,28.643239,11.67,700,800,10
12539521,41.072731,28.90147,21.92,800,1600,25
12558236,40.994921,28.900276,56.28,600,1600,15
12545656,40.993613,28.832899,109.16,1100,1200,10
12533162,40.992893,28.853535,400.83,800,1000,10
12568587,41.046402,29.000252,7.99,800,1300,10
12510620,41.205998,28.445079,478,700,1200,5
12579254,41.052991,28.994289,164.98,800,1200,5
12504247,41.044616,28.877197,49.4,1100,1500,5
12534047,41.080451,28.894544,485.93,530,1430,5
12559673,40.97397,28.869963,43.5,700,1600,15
12583375,40.964424,28.837492,142.55,800,1200,15
12539818,41.017312,28.863223,17.92,800,1300,15
12566359,41.096846,28.999546,50,800,1300,10
12563481,41.020758,28.911305,434.33,600,1000,25
12585320,41.005606,28.79826,281,900,1700,20
12558288,40.994275,28.904285,51.12,800,1300,15
12559718,40.978515,28.875482,9.72,800,1300,15
12533174,41.001489,28.860783,204.95,800,1300,15
12534055,41.069411,28.894542,122.92,900,1200,15
12539825,41.045171,28.866661,41.26,700,1000,15
12579140,41.032978,28.863745,27.96,900,1600,30
12556568,41.011915,28.643729,150.55,800,1700,20
12504327,41.039966,28.881728,72.24,800,1300,10
12570070,41.068786,28.99968,168.15,600,1600,15
